CP020618.1_33	GENOMAD.121654.CP	1.023E-49	181	2561
CP020618.1_65	GENOMAD.167592.CP	2.109E-142	452	0
CP020618.1_129	GENOMAD.078812.CP	1.282E-07	56	2561
CP020618.1_193	GENOMAD.094517.CV	1.801E-25	115	2561
CP020618.1_257	GENOMAD.102311.CP	2.428E-29	124	0
CP020618.1_289	GENOMAD.044656.CC	7.121E-48	166	0
CP020618.1_449	GENOMAD.133528.CP	3.686E-13	75	0
CP020618.1_545	GENOMAD.213941.PC	8.931E-08	53	0
CP020618.1_641	GENOMAD.180954.CP	6.019E-36	143	0
CP020618.1_705	GENOMAD.116561.CP	6.309E-39	144	0
CP020618.1_737	GENOMAD.127074.CP	7.198E-04	46	0
CP020618.1_769	GENOMAD.227856.VP	2.526E-05	51	0
CP020618.1_801	GENOMAD.000152.CC	8.761E-29	114	0
CP020618.1_961	GENOMAD.154491.CP	3.432E-04	42	0
CP020618.1_1089	GENOMAD.147790.CP	3.317E-08	57	0
CP020618.1_1217	GENOMAD.204757.VV	7.548E-29	109	0
CP020618.1_1281	GENOMAD.183748.CP	9.518E-22	99	0
CP020618.1_1473	GENOMAD.147206.CP	2.434E-107	346	0
CP020618.1_1569	GENOMAD.115149.CP	1.795E-28	113	0
CP020618.1_1601	GENOMAD.002812.CC	3.327E-30	118	0
CP020618.1_1729	GENOMAD.000014.CC	1.283E-34	129	0
CP020618.1_1761	GENOMAD.050133.CC	5.390E-14	66	0
CP020618.1_1825	GENOMAD.167376.CP	1.061E-44	157	0
CP020618.1_1857	GENOMAD.113377.CP	5.124E-08	59	0
CP020618.1_1921	GENOMAD.086382.CV	7.943E-20	88	0
CP020618.1_1953	GENOMAD.178951.CP	8.127E-09	59	0
CP020618.1_1985	GENOMAD.138042.CV	5.675E-131	417	0
CP020618.1_2017	GENOMAD.121123.VV	2.783E-25	100	2561
CP020618.1_2049	GENOMAD.078785.VV	1.880E-118	385	2561
CP020618.1_2081	GENOMAD.010308.CC	6.933E-12	64	0
CP020618.1_2113	GENOMAD.198221.CP	4.741E-53	181	0
CP020618.1_2177	GENOMAD.008805.PP	4.628E-37	145	0
CP020618.1_98	GENOMAD.133794.CP	1.476E-41	159	0
CP020618.1_162	GENOMAD.123104.CP	1.403E-04	43	0
CP020618.1_258	GENOMAD.169415.CP	1.113E-32	128	0
CP020618.1_290	GENOMAD.196691.CP	5.502E-05	41	0
CP020618.1_322	GENOMAD.147542.CP	8.188E-13	63	0
CP020618.1_450	GENOMAD.152467.CP	4.014E-11	59	0
CP020618.1_578	GENOMAD.168462.CP	3.523E-23	110	0
CP020618.1_770	GENOMAD.050490.CV	2.386E-09	62	2561
CP020618.1_866	GENOMAD.103068.CP	8.050E-16	75	0
CP020618.1_898	GENOMAD.011275.CC	1.596E-05	48	0
CP020618.1_139	GENOMAD.060882.CP	2.648E-22	101	2561
CP020618.1_299	GENOMAD.115168.CP	1.479E-15	79	2561
CP020618.1_331	GENOMAD.019936.CC	1.538E-38	139	0
CP020618.1_491	GENOMAD.166242.CP	3.736E-06	51	0
CP020618.1_555	GENOMAD.147022.CP	4.473E-05	48	0
CP020618.1_619	GENOMAD.131910.VV	1.088E-55	191	2561
CP020618.1_651	GENOMAD.181443.CP	1.585E-06	52	0
CP020618.1_715	GENOMAD.038387.CC	3.209E-29	122	0
CP020618.1_779	GENOMAD.189902.CP	3.947E-182	572	0
CP020618.1_875	GENOMAD.003884.CC	1.634E-05	45	0
CP020618.1_939	GENOMAD.148194.CP	4.418E-19	88	0
CP020618.1_971	GENOMAD.129494.CP	1.541E-14	77	0
CP020618.1_1035	GENOMAD.169309.CP	4.347E-04	44	0
CP020618.1_1163	GENOMAD.183462.CP	1.809E-26	109	0
CP020618.1_1195	GENOMAD.115145.CP	2.317E-222	710	0
CP020618.1_1227	GENOMAD.189291.CP	3.687E-145	470	0
CP020618.1_1259	GENOMAD.132674.VC	4.371E-05	49	2561
CP020618.1_1355	GENOMAD.181458.PC	3.916E-19	87	0
CP020618.1_1387	GENOMAD.058240.VV	1.133E-10	67	11844
CP020618.1_1419	GENOMAD.125901.CP	1.019E-05	50	0
CP020618.1_1483	GENOMAD.110271.CV	1.886E-29	123	2561
CP020618.1_1579	GENOMAD.118390.CP	1.020E-14	77	0
CP020618.1_1739	GENOMAD.000019.CC	8.518E-36	133	0
CP020618.1_1835	GENOMAD.027029.CC	6.361E-37	134	0
CP020618.1_1867	GENOMAD.136360.CP	4.851E-04	43	0
CP020618.1_1899	GENOMAD.018359.PP	4.505E-04	44	0
CP020618.1_1931	GENOMAD.168257.PC	1.185E-11	70	0
CP020618.1_1995	GENOMAD.129258.VC	2.625E-33	132	2561
CP020618.1_2027	GENOMAD.071847.VV	1.319E-12	61	2561
CP020618.1_2059	GENOMAD.207179.VP	4.670E-53	210	2561
CP020618.1_44	GENOMAD.124185.CV	4.551E-15	76	0
CP020618.1_76	GENOMAD.080110.CV	2.452E-27	107	0
CP020618.1_108	GENOMAD.085593.CP	4.291E-16	82	0
CP020618.1_140	GENOMAD.065653.CP	6.869E-17	83	0
CP020618.1_172	GENOMAD.118725.CP	1.474E-31	130	2561
CP020618.1_236	GENOMAD.078808.CP	3.899E-20	96	0
CP020618.1_332	GENOMAD.115244.CP	4.004E-20	89	0
CP020618.1_492	GENOMAD.168696.PC	7.590E-06	51	0
CP020618.1_588	GENOMAD.076830.PP	3.216E-48	168	0
CP020618.1_620	GENOMAD.156435.VV	2.094E-41	148	2561
CP020618.1_716	GENOMAD.093753.CV	9.467E-32	133	2561
CP020618.1_780	GENOMAD.189902.CP	3.474E-144	482	0
CP020618.1_812	GENOMAD.118486.CP	1.183E-27	120	2561
CP020618.1_876	GENOMAD.003884.CC	2.243E-25	107	0
CP020618.1_908	GENOMAD.027124.VV	7.575E-05	45	2561
CP020618.1_1036	GENOMAD.123213.CP	1.050E-10	67	0
CP020618.1_1068	GENOMAD.116686.CP	7.646E-40	157	0
CP020618.1_1100	GENOMAD.136854.CP	2.000E-05	43	0
CP020618.1_709	GENOMAD.158261.CP	4.026E-09	59	0
CP020618.1_741	GENOMAD.168616.CP	1.976E-09	57	0
CP020618.1_773	GENOMAD.118861.CV	5.579E-07	48	0
CP020618.1_805	GENOMAD.000022.CC	1.658E-87	308	2561
CP020618.1_869	GENOMAD.147206.CP	1.320E-48	177	0
CP020618.1_690	GENOMAD.134182.CP	2.221E-81	281	2561
CP020618.1_722	GENOMAD.096898.CV	4.487E-12	67	0
CP020618.1_818	GENOMAD.014630.CC	7.331E-108	349	0
CP020618.1_914	GENOMAD.148383.CP	3.537E-07	49	0
CP020618.1_135	GENOMAD.093762.CV	1.370E-52	191	2561
CP020618.1_167	GENOMAD.022795.CC	4.535E-15	81	0
CP020618.1_199	GENOMAD.116264.CP	3.444E-62	219	0
CP020618.1_263	GENOMAD.141391.CP	7.771E-30	113	0
CP020618.1_295	GENOMAD.100682.CP	1.217E-15	79	0
CP020618.1_1926	GENOMAD.059967.CC	6.926E-58	201	0
CP020618.1_2022	GENOMAD.050576.VV	6.347E-56	196	2561
CP020618.1_2054	GENOMAD.050629.VV	4.460E-21	91	2561
CP020618.1_2086	GENOMAD.099157.CV	1.118E-59	205	2561
CP020618.1_2150	GENOMAD.111269.CP	1.496E-42	164	0
CP020618.1_678	GENOMAD.189351.PC	2.022E-10	63	0
CP020618.1_710	GENOMAD.001883.CC	3.108E-41	164	0
CP020618.1_742	GENOMAD.133900.CV	5.990E-23	107	2561
CP020618.1_774	GENOMAD.061903.CP	1.354E-37	140	2561
CP020618.1_806	GENOMAD.097225.CV	8.373E-29	112	2561
CP020618.1_838	GENOMAD.010024.CC	3.623E-16	85	0
CP020618.1_870	GENOMAD.140512.CP	3.597E-45	166	0
CP020618.1_902	GENOMAD.145929.CP	2.588E-06	51	0
CP020618.1_718	GENOMAD.000051.CC	3.109E-31	132	0
CP020618.1_750	GENOMAD.037968.CC	2.826E-88	300	2561
CP020618.1_782	GENOMAD.013070.VV	3.687E-04	44	12031
CP020618.1_1979	GENOMAD.138195.VC	7.321E-36	149	2561
CP020618.1_2011	GENOMAD.088190.VV	1.746E-04	39	2561
CP020618.1_2043	GENOMAD.049840.VV	2.453E-16	73	2561
CP020618.1_2075	GENOMAD.141949.CP	1.965E-07	55	0
CP020618.1_2107	GENOMAD.022955.CC	1.192E-24	111	0
CP020618.1_2203	GENOMAD.125951.CP	1.162E-60	206	0
CP020618.1_431	GENOMAD.179009.CP	1.144E-80	274	0
CP020618.1_527	GENOMAD.176978.PC	2.130E-35	138	0
CP020618.1_559	GENOMAD.161166.VV	2.834E-46	164	9913
CP020618.1_591	GENOMAD.181438.CP	2.390E-61	207	0
CP020618.1_655	GENOMAD.142017.CP	2.766E-26	114	0
CP020618.1_847	GENOMAD.120657.CP	1.866E-21	101	2561
CP020618.1_879	GENOMAD.171062.CP	1.034E-56	194	0
CP020618.1_2032	GENOMAD.003019.VV	1.099E-48	171	2561
CP020618.1_2064	GENOMAD.068691.VV	1.625E-37	136	2561
CP020618.1_2096	GENOMAD.112974.CP	2.097E-31	123	0
CP020618.1_1141	GENOMAD.178044.CP	4.292E-04	45	0
CP020618.1_1173	GENOMAD.168495.CP	8.256E-36	135	0
CP020618.1_1237	GENOMAD.141444.VV	3.421E-16	85	2561
CP020618.1_1269	GENOMAD.148005.CP	1.300E-13	69	0
CP020618.1_1365	GENOMAD.136941.CP	1.299E-25	115	0
CP020618.1_1429	GENOMAD.009711.CC	4.553E-05	44	0
CP020618.1_1621	GENOMAD.061759.CV	1.103E-56	220	2561
CP020618.1_1749	GENOMAD.058748.CV	1.100E-38	139	0
CP020618.1_1813	GENOMAD.128943.CP	3.063E-04	40	0
CP020618.1_1845	GENOMAD.114453.CP	2.646E-62	224	2561
CP020618.1_1909	GENOMAD.006163.CC	1.086E-05	48	0
CP020618.1_1973	GENOMAD.074780.CV	4.646E-26	104	0
CP020618.1_2005	GENOMAD.100110.VV	1.031E-40	149	2561
CP020618.1_2037	GENOMAD.128797.VP	2.666E-11	61	2561
CP020618.1_2069	GENOMAD.101051.VV	6.875E-16	76	2561
CP020618.1_2101	GENOMAD.091839.CV	5.840E-34	133	2561
CP020618.1_2133	GENOMAD.161321.CV	8.003E-100	326	0
CP020618.1_2165	GENOMAD.106866.CP	1.879E-17	84	2561
CP020618.1_22	GENOMAD.194282.CP	4.764E-37	145	0
CP020618.1_54	GENOMAD.162068.VC	1.420E-24	104	2561
CP020618.1_150	GENOMAD.001007.CC	1.173E-113	364	0
CP020618.1_310	GENOMAD.146592.CP	1.791E-07	56	0
CP020618.1_342	GENOMAD.145920.CV	2.359E-27	106	2561
CP020618.1_406	GENOMAD.169853.PC	5.775E-62	217	0
CP020618.1_502	GENOMAD.168138.CP	3.753E-07	55	0
CP020618.1_566	GENOMAD.157976.CP	4.591E-11	62	0
CP020618.1_726	GENOMAD.000266.CC	7.285E-22	105	0
CP020618.1_758	GENOMAD.108695.CP	1.330E-30	122	0
CP020618.1_854	GENOMAD.146662.CP	1.259E-04	45	0
CP020618.1_918	GENOMAD.158164.PP	6.531E-102	330	0
CP020618.1_1046	GENOMAD.123020.CP	1.379E-04	46	0
CP020618.1_1110	GENOMAD.138410.CP	1.471E-06	48	0
CP020618.1_1142	GENOMAD.020303.CC	1.709E-07	51	0
CP020618.1_1206	GENOMAD.117258.CP	9.202E-06	49	0
CP020618.1_1302	GENOMAD.093372.CV	9.045E-09	52	0
CP020618.1_1334	GENOMAD.055788.CC	2.277E-22	90	0
CP020618.1_1430	GENOMAD.004690.CC	6.356E-06	47	0
CP020618.1_1590	GENOMAD.116686.CP	1.968E-67	239	0
CP020618.1_1686	GENOMAD.159551.CP	3.210E-20	89	0
CP020618.1_1750	GENOMAD.058738.CV	6.698E-61	213	0
CP020618.1_1782	GENOMAD.100102.VC	9.460E-04	46	2561
CP020618.1_1846	GENOMAD.209068.VC	1.998E-05	46	0
CP020618.1_1942	GENOMAD.171128.VC	6.872E-16	84	2561
CP020618.1_1974	GENOMAD.096109.CV	2.986E-08	49	0
CP020618.1_2038	GENOMAD.080917.VV	7.718E-16	73	2561
CP020618.1_2070	GENOMAD.176283.VV	8.769E-13	66	0
CP020618.1_2102	GENOMAD.147201.CV	1.948E-42	152	0
CP020618.1_2166	GENOMAD.136254.CP	5.091E-62	227	0
CP020618.1_23	GENOMAD.124300.CP	6.096E-102	338	2561
CP020618.1_55	GENOMAD.028790.CC	3.085E-121	389	0
CP020618.1_87	GENOMAD.013941.CC	1.578E-31	136	0
CP020618.1_183	GENOMAD.124338.CP	2.501E-12	71	0
CP020618.1_215	GENOMAD.109403.CP	5.123E-19	85	2561
CP020618.1_279	GENOMAD.123911.CP	1.439E-68	256	0
CP020618.1_311	GENOMAD.146592.CP	1.514E-06	53	0
CP020618.1_407	GENOMAD.169853.PC	4.870E-67	227	0
CP020618.1_439	GENOMAD.099160.CP	5.489E-06	51	0
CP020618.1_471	GENOMAD.152201.CP	3.744E-140	448	0
CP020618.1_503	GENOMAD.158769.CP	8.489E-04	39	0
CP020618.1_567	GENOMAD.146592.CP	5.014E-09	61	0
CP020618.1_599	GENOMAD.136897.PC	5.855E-21	99	0
CP020618.1_631	GENOMAD.126235.CP	8.829E-04	38	0
CP020618.1_695	GENOMAD.210045.PC	6.313E-06	46	0
CP020618.1_727	GENOMAD.147689.CP	4.505E-31	132	0
CP020618.1_759	GENOMAD.084054.CP	3.127E-08	50	0
CP020618.1_791	GENOMAD.002686.CC	4.641E-46	169	0
CP020618.1_823	GENOMAD.090871.CV	2.228E-87	301	2561
CP020618.1_855	GENOMAD.019246.CC	1.652E-31	120	0
CP020618.1_887	GENOMAD.123590.CP	7.609E-114	366	0
CP020618.1_951	GENOMAD.209395.PC	5.068E-96	312	0
CP020618.1_983	GENOMAD.147866.CP	9.669E-10	61	0
CP020618.1_1047	GENOMAD.126878.CP	2.139E-81	274	0
CP020618.1_1111	GENOMAD.147528.CP	3.363E-06	46	0
CP020618.1_789	GENOMAD.088456.CP	1.442E-52	184	0
CP020618.1_821	GENOMAD.105955.CP	3.477E-20	96	0
CP020618.1_917	GENOMAD.129588.CP	1.454E-14	75	0
CP020618.1_981	GENOMAD.116395.CP	3.754E-04	45	0
CP020618.1_1013	GENOMAD.192621.CP	6.187E-52	188	0
CP020618.1_1658	GENOMAD.123993.CP	7.273E-04	41	0
CP020618.1_1722	GENOMAD.147411.CP	2.521E-36	141	2561
CP020618.1_1754	GENOMAD.059523.CP	4.189E-06	46	0
CP020618.1_1818	GENOMAD.127114.CP	3.282E-08	56	0
CP020618.1_1850	GENOMAD.129056.CP	5.295E-04	44	0
CP020618.1_1274	GENOMAD.125838.CP	9.404E-143	456	0
CP020618.1_1306	GENOMAD.066413.CV	3.788E-08	57	0
CP020618.1_1338	GENOMAD.105549.CP	5.013E-54	187	0
CP020618.1_1434	GENOMAD.112917.CP	2.502E-07	55	0
CP020618.1_1466	GENOMAD.167807.CP	3.975E-04	45	0
CP020618.1_1498	GENOMAD.096083.VP	1.882E-04	44	2561
CP020618.1_314	GENOMAD.129434.CP	2.991E-17	83	0
CP020618.1_442	GENOMAD.170683.CP	2.547E-04	47	2561
CP020618.1_570	GENOMAD.137611.CP	2.750E-06	49	0
CP020618.1_602	GENOMAD.152197.CP	6.243E-23	96	0
CP020618.1_2201	GENOMAD.109609.CP	3.971E-33	135	0
CP020618.1_26	GENOMAD.124338.CP	9.369E-11	66	0
CP020618.1_58	GENOMAD.090247.CV	2.821E-22	97	2561
CP020618.1_90	GENOMAD.094199.CP	7.725E-19	85	8016
CP020618.1_122	GENOMAD.089546.CP	4.093E-04	40	0
CP020618.1_154	GENOMAD.103677.VV	1.689E-11	70	2561
CP020618.1_186	GENOMAD.114390.CP	2.406E-04	46	0
CP020618.1_1428	GENOMAD.032573.CC	3.744E-24	102	0
CP020618.1_1556	GENOMAD.090179.CV	1.091E-69	257	2561
CP020618.1_1588	GENOMAD.014518.CC	2.144E-23	95	0
CP020618.1_1748	GENOMAD.058918.CV	4.351E-36	133	0
CP020618.1_1908	GENOMAD.178800.CP	1.634E-19	87	0
CP020618.1_1940	GENOMAD.177150.PC	4.635E-40	151	0
CP020618.1_1108	GENOMAD.147086.CP	4.523E-14	70	0
CP020618.1_1172	GENOMAD.145788.CP	2.863E-49	178	0
CP020618.1_1332	GENOMAD.146653.CP	7.979E-04	40	0
CP020618.1_797	GENOMAD.118610.CP	3.965E-17	84	2561
CP020618.1_829	GENOMAD.003146.CC	1.602E-45	159	0
CP020618.1_1021	GENOMAD.013092.CC	2.007E-09	63	0
CP020618.1_1117	GENOMAD.026252.CC	5.957E-07	46	0
CP020618.1_1149	GENOMAD.193063.PC	3.205E-04	46	0
CP020618.1_1309	GENOMAD.020404.CC	2.103E-32	120	0
CP020618.1_1437	GENOMAD.171014.CP	1.598E-12	68	0
CP020618.1_1533	GENOMAD.006244.CC	1.028E-23	98	0
CP020618.1_1565	GENOMAD.013958.CC	4.515E-06	45	0
CP020618.1_1853	GENOMAD.086969.CP	3.866E-14	69	0
CP020618.1_2045	GENOMAD.066605.VV	4.907E-58	197	2561
CP020618.1_2141	GENOMAD.000561.CC	6.022E-04	44	0
CP020618.1_2173	GENOMAD.000078.CC	5.756E-20	86	0
CP020618.1_2205	GENOMAD.129906.CP	1.752E-12	63	0
CP020618.1_62	GENOMAD.089078.CP	3.643E-88	289	0
CP020618.1_222	GENOMAD.018017.CC	9.645E-125	400	0
CP020618.1_318	GENOMAD.114697.CP	2.561E-12	72	0
CP020618.1_478	GENOMAD.062973.CC	5.014E-68	237	0
CP020618.1_574	GENOMAD.136970.CP	1.083E-11	67	0
CP020618.1_638	GENOMAD.169853.PC	2.115E-78	260	0
CP020618.1_734	GENOMAD.121677.CP	5.011E-04	44	2561
CP020618.1_958	GENOMAD.123894.CP	1.309E-31	128	0
CP020618.1_1054	GENOMAD.069547.PP	1.812E-20	85	0
CP020618.1_1118	GENOMAD.089032.CP	2.087E-15	77	2561
CP020618.1_1150	GENOMAD.121914.CP	1.098E-13	77	0
CP020618.1_1214	GENOMAD.022295.CC	3.513E-29	111	0
CP020618.1_1278	GENOMAD.179881.CP	1.503E-184	577	0
CP020618.1_1310	GENOMAD.108595.CP	4.469E-26	115	2561
CP020618.1_1502	GENOMAD.201922.VV	1.616E-16	82	0
CP020618.1_1566	GENOMAD.126283.VV	1.299E-04	46	2561
CP020618.1_1694	GENOMAD.152337.CP	3.321E-30	125	0
CP020618.1_1726	GENOMAD.000035.CC	9.351E-31	118	0
CP020618.1_1758	GENOMAD.191734.PC	1.845E-39	151	0
CP020618.1_1790	GENOMAD.151955.CP	3.668E-07	56	0
CP020618.1_1822	GENOMAD.130526.CP	1.023E-152	481	0
CP020618.1_1854	GENOMAD.123079.CP	2.548E-32	136	2561
CP020618.1_1950	GENOMAD.206136.PC	6.276E-100	324	0
CP020618.1_2046	GENOMAD.114711.VP	8.266E-12	63	2561
CP020618.1_2078	GENOMAD.104622.VV	6.306E-12	66	0
CP020618.1_2142	GENOMAD.198367.PC	3.148E-13	64	0
CP020618.1_2174	GENOMAD.000052.CC	2.961E-52	184	2561
CP020618.1_2206	GENOMAD.118380.CP	3.136E-79	262	0
CP020618.1_31	GENOMAD.113257.CV	5.098E-18	88	2561
CP020618.1_63	GENOMAD.121288.CP	9.481E-45	168	0
CP020618.1_287	GENOMAD.026377.CC	3.561E-24	103	0
CP020618.1_351	GENOMAD.119080.CP	9.670E-16	73	0
CP020618.1_415	GENOMAD.151588.CP	1.350E-08	60	0
CP020618.1_511	GENOMAD.147883.CP	7.660E-81	279	0
CP020618.1_575	GENOMAD.171050.CP	5.174E-04	46	0
CP020618.1_607	GENOMAD.111065.VV	1.362E-35	130	2561
CP020618.1_671	GENOMAD.141481.CP	3.022E-53	192	0
CP020618.1_735	GENOMAD.068077.CP	2.736E-14	78	0
CP020618.1_392	GENOMAD.132884.CP	5.850E-25	111	0
CP020618.1_456	GENOMAD.135938.CP	3.081E-42	163	0
CP020618.1_488	GENOMAD.141997.CP	7.863E-07	53	0
CP020618.1_616	GENOMAD.131437.VV	3.681E-101	328	2561
CP020618.1_648	GENOMAD.138157.CP	5.892E-19	88	0
CP020618.1_744	GENOMAD.001677.CC	1.598E-10	57	0
CP020618.1_840	GENOMAD.181475.CP	6.117E-04	44	0
CP020618.1_872	GENOMAD.116265.CP	3.028E-39	150	0
CP020618.1_1484	GENOMAD.216006.VP	4.979E-04	44	2561
CP020618.1_1516	GENOMAD.105337.VV	7.055E-13	63	2561
CP020618.1_1548	GENOMAD.003346.CC	3.721E-43	158	0
CP020618.1_1580	GENOMAD.011839.CC	2.740E-26	109	0
CP020618.1_1612	GENOMAD.001324.CC	7.514E-21	92	2561
CP020618.1_1644	GENOMAD.011095.VV	3.694E-10	63	2561
CP020618.1_1740	GENOMAD.109953.CP	1.292E-15	71	0
CP020618.1_1425	GENOMAD.161335.CP	7.622E-66	248	0
CP020618.1_1521	GENOMAD.105299.PP	3.011E-67	227	0
CP020618.1_1553	GENOMAD.016954.CC	2.868E-06	49	0
CP020618.1_1009	GENOMAD.145370.CP	8.750E-05	45	0
CP020618.1_1041	GENOMAD.170608.CP	3.679E-05	47	0
CP020618.1_1105	GENOMAD.127045.CP	2.019E-04	46	0
CP020618.1_1169	GENOMAD.142815.CP	8.964E-24	110	2561
CP020618.1_1265	GENOMAD.162183.CP	2.754E-04	41	0
CP020618.1_433	GENOMAD.161166.VV	1.414E-32	129	9913
CP020618.1_561	GENOMAD.056664.CC	8.432E-07	44	0
CP020618.1_625	GENOMAD.042996.CC	3.109E-05	50	0
CP020618.1_17	GENOMAD.012907.CC	3.122E-73	261	0
CP020618.1_177	GENOMAD.127113.CP	1.067E-17	88	0
CP020618.1_241	GENOMAD.154328.CP	2.861E-37	141	0
CP020618.1_1927	GENOMAD.151067.CP	2.679E-12	71	0
CP020618.1_2023	GENOMAD.217086.VV	2.047E-24	99	2561
CP020618.1_2055	GENOMAD.074487.VV	1.033E-59	202	2561
CP020618.1_2087	GENOMAD.059655.CP	1.403E-20	93	0
CP020618.1_2119	GENOMAD.029837.VV	1.080E-04	48	2561
CP020618.1_2183	GENOMAD.138019.CP	8.568E-08	57	0
CP020618.1_40	GENOMAD.036345.CC	1.486E-04	45	0
CP020618.1_104	GENOMAD.111803.CP	1.519E-17	78	0
CP020618.1_136	GENOMAD.103372.CV	2.515E-15	77	2561
CP020618.1_168	GENOMAD.129308.CP	3.713E-11	67	2561
CP020618.1_200	GENOMAD.133563.CP	3.454E-08	58	2561
CP020618.1_232	GENOMAD.050722.CC	8.251E-56	194	0
CP020618.1_264	GENOMAD.140431.CP	3.860E-160	505	0
CP020618.1_1132	GENOMAD.159823.CP	4.785E-09	60	0
CP020618.1_1164	GENOMAD.025885.CC	3.984E-52	179	0
CP020618.1_1196	GENOMAD.107063.CP	3.936E-50	190	0
CP020618.1_1000	GENOMAD.147458.CP	5.015E-09	60	0
CP020618.1_1224	GENOMAD.129935.CP	6.625E-07	55	0
CP020618.1_1352	GENOMAD.223646.PV	3.495E-19	91	0
CP020618.1_1384	GENOMAD.125906.CP	2.232E-04	46	0
CP020618.1_1512	GENOMAD.005143.CC	1.033E-07	55	0
CP020618.1_1544	GENOMAD.100096.CP	3.541E-28	117	2561
CP020618.1_1576	GENOMAD.027118.CC	3.044E-09	53	0
CP020618.1_1704	GENOMAD.183792.PC	2.903E-08	51	0
CP020618.1_1736	GENOMAD.000010.CC	3.210E-45	162	0
CP020618.1_1800	GENOMAD.109432.CV	8.432E-07	55	8016
CP020618.1_1928	GENOMAD.103012.CV	6.140E-07	47	0
CP020618.1_1960	GENOMAD.226884.VP	2.718E-07	55	9913
CP020618.1_1992	GENOMAD.017719.CC	1.991E-64	220	0
CP020618.1_2056	GENOMAD.105995.VV	1.133E-13	72	2561
CP020618.1_105	GENOMAD.063796.CP	8.669E-14	70	0
CP020618.1_137	GENOMAD.147868.VC	1.284E-17	90	2561
CP020618.1_169	GENOMAD.095074.CP	2.318E-14	70	0
CP020618.1_233	GENOMAD.109687.CP	5.750E-30	121	0
CP020618.1_329	GENOMAD.026404.VV	3.289E-43	174	2561
CP020618.1_425	GENOMAD.169212.CP	5.223E-21	90	0
CP020618.1_489	GENOMAD.160951.CP	4.442E-15	78	0
CP020618.1_585	GENOMAD.154757.CP	1.239E-16	85	0
CP020618.1_681	GENOMAD.121843.CP	1.733E-11	71	0
CP020618.1_2068	GENOMAD.220135.VV	1.184E-231	723	2561
CP020618.1_2132	GENOMAD.085692.CV	1.486E-77	257	0
CP020618.1_2196	GENOMAD.120967.CP	7.729E-07	50	0
CP020618.1_21	GENOMAD.130576.CP	8.642E-42	152	0
CP020618.1_53	GENOMAD.080218.CV	1.522E-47	166	0
CP020618.1_85	GENOMAD.132394.CP	6.343E-04	39	0
CP020618.1_117	GENOMAD.178657.CP	5.316E-78	269	0
CP020618.1_149	GENOMAD.098122.CV	2.853E-05	48	0
CP020618.1_181	GENOMAD.000561.CC	2.371E-14	76	0
CP020618.1_213	GENOMAD.123012.CP	1.270E-14	76	0
CP020618.1_277	GENOMAD.124526.CP	1.325E-05	48	0
CP020618.1_309	GENOMAD.159417.PC	6.275E-04	44	0
CP020618.1_341	GENOMAD.183268.CP	2.598E-59	202	0
CP020618.1_405	GENOMAD.126338.CP	2.236E-74	252	0
CP020618.1_437	GENOMAD.133374.CP	1.564E-23	104	0
CP020618.1_597	GENOMAD.132658.CP	3.202E-04	42	0
CP020618.1_629	GENOMAD.159545.PC	2.410E-231	722	0
CP020618.1_725	GENOMAD.089835.CP	3.967E-16	80	0
CP020618.1_713	GENOMAD.017590.CC	2.271E-50	175	0
CP020618.1_809	GENOMAD.056361.CP	6.676E-27	105	0
CP020618.1_873	GENOMAD.000673.CC	1.689E-13	74	0
CP020618.1_1033	GENOMAD.189777.PC	2.225E-05	48	0
CP020618.1_1065	GENOMAD.196559.CP	1.489E-11	60	0
CP020618.1_1161	GENOMAD.161258.CP	8.386E-41	154	0
CP020618.1_1225	GENOMAD.145921.CP	3.492E-36	151	0
CP020618.1_1257	GENOMAD.123470.CP	4.119E-37	145	0
CP020618.1_1289	GENOMAD.168696.PC	1.567E-09	63	0
CP020618.1_911	GENOMAD.134276.CP	4.372E-19	84	0
CP020618.1_1039	GENOMAD.136744.CP	5.818E-07	53	0
CP020618.1_1103	GENOMAD.138293.CP	6.286E-24	96	0
CP020618.1_1135	GENOMAD.151455.CP	2.342E-05	48	0
CP020618.1_1295	GENOMAD.100154.CP	6.831E-08	57	2561
CP020618.1_1327	GENOMAD.094444.CP	1.232E-37	151	0
CP020618.1_1455	GENOMAD.170187.PC	4.892E-11	68	0
CP020618.1_1487	GENOMAD.043654.CC	1.109E-30	115	0
CP020618.1_1519	GENOMAD.088178.VV	2.200E-40	144	0
CP020618.1_1551	GENOMAD.077411.CP	1.242E-04	48	0
CP020618.1_1583	GENOMAD.129077.CP	6.908E-04	44	0
CP020618.1_1615	GENOMAD.116512.CV	3.078E-35	134	2561
CP020618.1_1647	GENOMAD.131437.VV	7.098E-39	149	2561
CP020618.1_1711	GENOMAD.158256.CP	4.230E-37	144	0
CP020618.1_1743	GENOMAD.000007.CC	1.224E-43	155	0
CP020618.1_1775	GENOMAD.127139.CP	5.771E-26	112	0
CP020618.1_1839	GENOMAD.179487.CP	1.190E-105	340	0
CP020618.1_1871	GENOMAD.208788.PC	1.378E-32	137	0
CP020618.1_1903	GENOMAD.085880.PP	1.901E-17	82	0
CP020618.1_2063	GENOMAD.095432.VV	4.539E-04	40	2561
CP020618.1_2159	GENOMAD.153489.CP	8.145E-68	241	0
CP020618.1_16	GENOMAD.138407.CP	1.994E-45	162	0
CP020618.1_48	GENOMAD.167337.CP	3.236E-12	70	0
CP020618.1_80	GENOMAD.006572.CC	8.012E-19	85	0
CP020618.1_112	GENOMAD.147866.CP	5.091E-22	98	0
CP020618.1_144	GENOMAD.000878.CC	1.857E-138	440	0
CP020618.1_432	GENOMAD.143247.VV	3.047E-23	107	0
CP020618.1_496	GENOMAD.137967.CP	7.608E-16	79	0
CP020618.1_528	GENOMAD.176978.PC	8.545E-64	221	0
CP020618.1_784	GENOMAD.116234.CP	9.771E-24	105	0
CP020618.1_848	GENOMAD.146710.CP	1.612E-146	464	0
CP020618.1_912	GENOMAD.109407.CP	3.181E-39	157	0
CP020618.1_1040	GENOMAD.166359.CP	2.625E-25	107	0
CP020618.1_1168	GENOMAD.114680.CP	1.562E-73	258	2561
CP020618.1_1552	GENOMAD.080846.CV	1.031E-05	51	0
CP020618.1_1584	GENOMAD.129525.CP	1.354E-07	55	0
CP020618.1_1680	GENOMAD.166682.CP	1.060E-51	192	0
CP020618.1_1712	GENOMAD.152002.CP	8.538E-26	111	0
CP020618.1_1744	GENOMAD.051620.CP	2.569E-20	86	0
CP020618.1_1776	GENOMAD.114697.CP	6.405E-25	112	0
CP020618.1_1808	GENOMAD.010500.CC	9.003E-09	57	0
CP020618.1_1872	GENOMAD.209480.PC	7.571E-189	596	0
CP020618.1_831	GENOMAD.013857.CC	5.020E-12	64	0
CP020618.1_1023	GENOMAD.112742.CP	1.291E-18	90	0
CP020618.1_1055	GENOMAD.213900.PC	2.430E-04	46	0
CP020618.1_1087	GENOMAD.154541.CP	1.084E-66	238	0
CP020618.1_1701	GENOMAD.154782.PC	1.640E-240	749	0
CP020618.1_1765	GENOMAD.198150.PC	7.834E-17	83	0
CP020618.1_1829	GENOMAD.035877.CC	1.221E-19	82	0
CP020618.1_1861	GENOMAD.023752.CC	2.453E-16	73	0
CP020618.1_1957	GENOMAD.133528.CP	5.113E-08	58	0
CP020618.1_2053	GENOMAD.046186.VV	9.351E-31	118	2561
CP020618.1_2149	GENOMAD.097666.CP	2.399E-11	69	2561
CP020618.1_6	GENOMAD.171925.VC	1.384E-36	147	2561
CP020618.1_38	GENOMAD.124020.CP	8.149E-09	60	0
CP020618.1_294	GENOMAD.154518.CP	1.116E-18	88	0
CP020618.1_326	GENOMAD.116507.CP	3.610E-17	87	0
CP020618.1_390	GENOMAD.127333.CP	2.485E-11	65	0
CP020618.1_582	GENOMAD.016421.CC	5.440E-32	123	0
CP020618.1_1614	GENOMAD.084780.CV	8.485E-08	49	0
CP020618.1_1742	GENOMAD.000028.CC	5.037E-37	135	0
CP020618.1_1806	GENOMAD.123511.CP	1.998E-117	376	0
CP020618.1_910	GENOMAD.133930.CP	2.718E-18	83	0
CP020618.1_1038	GENOMAD.142358.CP	5.352E-05	47	0
CP020618.1_1102	GENOMAD.126325.CP	3.939E-05	48	0
CP020618.1_302	GENOMAD.138029.CV	8.721E-07	53	0
CP020618.1_366	GENOMAD.132381.CP	6.861E-100	324	0
CP020618.1_398	GENOMAD.190564.CP	7.981E-24	101	0
CP020618.1_462	GENOMAD.154359.CP	8.957E-11	64	0
CP020618.1_494	GENOMAD.132686.CP	1.507E-56	212	0
CP020618.1_508	GENOMAD.152456.PC	6.686E-04	43	0
CP020618.1_540	GENOMAD.159125.CP	8.929E-27	108	0
CP020618.1_604	GENOMAD.111131.VV	6.508E-11	67	2561
CP020618.1_668	GENOMAD.183543.CP	1.114E-07	55	0
CP020618.1_1119	GENOMAD.123088.CV	4.795E-04	41	0
CP020618.1_1311	GENOMAD.118830.CP	5.393E-11	62	0
CP020618.1_1407	GENOMAD.044698.CC	8.850E-07	49	0
CP020618.1_1567	GENOMAD.006000.CC	8.595E-15	73	0
CP020618.1_1727	GENOMAD.000031.CC	7.210E-88	293	0
CP020618.1_1855	GENOMAD.132506.CP	1.434E-25	113	0
CP020618.1_2015	GENOMAD.159803.VP	2.318E-14	70	2561
CP020618.1_2047	GENOMAD.061571.VV	1.845E-13	68	2561
CP020618.1_2079	GENOMAD.073046.CP	5.448E-09	61	0
CP020618.1_2143	GENOMAD.180922.CP	1.043E-06	51	0
CP020618.1_2207	GENOMAD.126387.CP	1.080E-28	121	2561
CP020618.1_32	GENOMAD.161283.VC	5.857E-30	132	2561
CP020618.1_64	GENOMAD.118353.CP	5.194E-27	118	0
CP020618.1_128	GENOMAD.160798.VP	8.799E-06	47	2561
CP020618.1_192	GENOMAD.117072.CP	1.621E-07	52	0
CP020618.1_256	GENOMAD.141482.CP	1.550E-44	157	0
CP020618.1_288	GENOMAD.125764.CP	1.245E-06	47	0
CP020618.1_320	GENOMAD.107160.CP	5.112E-76	261	0
CP020618.1_352	GENOMAD.000995.CC	5.465E-05	40	0
CP020618.1_448	GENOMAD.108649.VV	1.339E-04	46	2561
CP020618.1_480	GENOMAD.126081.CP	4.740E-09	60	0
CP020618.1_576	GENOMAD.143067.CP	1.997E-05	44	0
CP020618.1_800	GENOMAD.141429.CP	2.267E-10	68	2561
CP020618.1_832	GENOMAD.147060.CP	1.648E-33	128	0
CP020618.1_896	GENOMAD.121556.CP	1.058E-27	117	0
CP020618.1_1280	GENOMAD.021138.CC	6.636E-45	166	0
CP020618.1_1312	GENOMAD.024580.CC	7.307E-27	108	0
CP020618.1_1344	GENOMAD.154051.CP	1.334E-04	45	0
CP020618.1_1376	GENOMAD.176987.CP	2.081E-23	101	0
CP020618.1_1408	GENOMAD.179009.CP	7.620E-58	209	0
CP020618.1_1472	GENOMAD.142965.CP	2.543E-29	116	0
CP020618.1_1504	GENOMAD.151356.CP	2.087E-76	261	0
CP020618.1_1568	GENOMAD.181574.VC	1.031E-148	471	0
CP020618.1_1728	GENOMAD.000013.CC	3.086E-45	160	0
CP020618.1_1760	GENOMAD.130170.CV	9.865E-26	111	0
CP020618.1_1187	GENOMAD.143010.CP	3.632E-13	74	0
CP020618.1_1219	GENOMAD.112661.CV	1.947E-14	68	2561
CP020618.1_1251	GENOMAD.194822.PC	9.234E-11	63	0
CP020618.1_1475	GENOMAD.137271.CP	4.699E-06	51	0
CP020618.1_1539	GENOMAD.168297.PC	8.631E-06	43	0
CP020618.1_1571	GENOMAD.123351.CP	1.995E-63	222	0
CP020618.1_1603	GENOMAD.001005.CC	1.884E-65	229	0
CP020618.1_1859	GENOMAD.124267.CP	7.133E-08	51	0
CP020618.1_867	GENOMAD.153082.CP	2.332E-07	56	0
CP020618.1_1059	GENOMAD.142666.PP	5.359E-65	221	0
CP020618.1_1091	GENOMAD.121663.CP	5.335E-45	168	0
CP020618.1_579	GENOMAD.161583.CP	4.583E-114	379	0
CP020618.1_611	GENOMAD.024962.VV	3.068E-15	79	2561
CP020618.1_739	GENOMAD.089844.CV	9.220E-04	42	2561
CP020618.1_771	GENOMAD.110076.CV	5.282E-15	72	2561
CP020618.1_803	GENOMAD.000609.CC	2.052E-10	58	0
CP020618.1_259	GENOMAD.147339.CP	1.112E-94	341	0
CP020618.1_355	GENOMAD.145366.CP	3.035E-08	57	0
CP020618.1_387	GENOMAD.158795.CP	1.885E-19	96	0
CP020618.1_451	GENOMAD.123924.CP	3.753E-75	270	2561
CP020618.1_2114	GENOMAD.126805.CP	1.045E-06	53	0
CP020618.1_2178	GENOMAD.142045.CP	4.015E-27	119	0
CP020618.1_99	GENOMAD.121627.VV	4.433E-05	48	2561
CP020618.1_131	GENOMAD.127311.CV	1.378E-18	90	0
CP020618.1_557	GENOMAD.191105.CP	8.582E-07	49	0
CP020618.1_621	GENOMAD.168355.VP	2.844E-30	120	2561
CP020618.1_653	GENOMAD.177308.CP	4.618E-05	45	0
CP020618.1_717	GENOMAD.000958.CC	2.515E-28	121	0
CP020618.1_749	GENOMAD.081094.CV	1.149E-20	96	2561
CP020618.1_2092	GENOMAD.003802.CC	5.389E-20	93	0
CP020618.1_2156	GENOMAD.158257.CV	1.697E-61	220	2561
CP020618.1_13	GENOMAD.160419.CP	3.291E-62	210	0
CP020618.1_77	GENOMAD.137750.VC	2.986E-19	84	2561
CP020618.1_109	GENOMAD.002222.CC	2.529E-29	125	0
CP020618.1_2001	GENOMAD.152337.CP	1.533E-30	126	0
CP020618.1_2033	GENOMAD.076174.VV	8.748E-71	239	2561
CP020618.1_2065	GENOMAD.055020.VV	1.192E-48	172	2561
CP020618.1_2129	GENOMAD.009239.CC	1.066E-52	184	0
CP020618.1_50	GENOMAD.168467.CP	3.447E-09	62	0
CP020618.1_114	GENOMAD.117180.CP	2.359E-12	66	0
CP020618.1_146	GENOMAD.160303.VC	3.662E-06	51	2561
CP020618.1_210	GENOMAD.120967.CP	1.304E-10	61	0
CP020618.1_242	GENOMAD.000559.CC	9.330E-45	164	2561
CP020618.1_402	GENOMAD.166548.CP	2.314E-07	52	0
CP020618.1_434	GENOMAD.210074.CP	4.253E-12	66	0
CP020618.1_466	GENOMAD.182136.CP	1.607E-10	59	0
CP020618.1_562	GENOMAD.169590.CP	1.331E-08	60	0
CP020618.1_626	GENOMAD.147577.CP	3.750E-34	137	0
CP020618.1_1048	GENOMAD.121924.CP	2.786E-43	164	0
CP020618.1_1080	GENOMAD.133966.CP	4.454E-10	63	0
CP020618.1_1112	GENOMAD.154891.CP	8.409E-22	94	0
CP020618.1_1144	GENOMAD.126117.CP	1.127E-04	45	0
CP020618.1_1176	GENOMAD.114384.CP	1.266E-57	212	2561
CP020618.1_1240	GENOMAD.022372.VV	7.079E-12	71	2561
CP020618.1_1304	GENOMAD.067849.CV	2.889E-12	67	0
CP020618.1_1336	GENOMAD.111740.CP	1.990E-27	117	0
CP020618.1_1380	GENOMAD.211984.PC	2.212E-69	231	0
CP020618.1_1412	GENOMAD.151894.CP	2.934E-07	55	0
CP020618.1_1508	GENOMAD.125838.CP	4.973E-07	55	0
CP020618.1_1540	GENOMAD.222333.PV	6.826E-14	65	0
CP020618.1_1572	GENOMAD.121781.CP	1.318E-50	200	0
CP020618.1_1604	GENOMAD.146343.VC	4.392E-24	112	2561
CP020618.1_1156	GENOMAD.136132.CP	1.059E-05	46	0
CP020618.1_1220	GENOMAD.142597.CP	3.506E-07	54	0
CP020618.1_1284	GENOMAD.183405.CP	1.615E-81	267	0
CP020618.1_708	GENOMAD.222333.PV	3.431E-13	63	0
CP020618.1_772	GENOMAD.050490.CV	3.127E-48	183	2561
CP020618.1_804	GENOMAD.001056.CC	1.574E-17	79	0
CP020618.1_868	GENOMAD.142965.CP	2.275E-24	101	0
CP020618.1_932	GENOMAD.153285.CP	3.010E-37	147	0
CP020618.1_996	GENOMAD.151507.CP	4.875E-15	79	0
CP020618.1_605	GENOMAD.208171.VV	1.745E-07	53	0
CP020618.1_637	GENOMAD.169853.PC	1.479E-55	198	0
CP020618.1_701	GENOMAD.133765.CP	4.238E-18	87	0
CP020618.1_666	GENOMAD.130632.CP	2.208E-89	303	0
CP020618.1_730	GENOMAD.128855.CP	8.012E-11	62	0
CP020618.1_794	GENOMAD.000060.CC	6.694E-53	188	0
CP020618.1_746	GENOMAD.101878.CP	1.112E-51	201	2561
CP020618.1_778	GENOMAD.189902.CP	4.935E-196	613	0
CP020618.1_810	GENOMAD.056657.CV	2.655E-224	708	2561
CP020618.1_874	GENOMAD.001726.CC	1.093E-68	238	0
CP020618.1_938	GENOMAD.166531.PC	5.834E-87	304	0
CP020618.1_1034	GENOMAD.176903.PC	1.976E-12	69	0
CP020618.1_458	GENOMAD.148019.CP	2.162E-59	215	0
CP020618.1_490	GENOMAD.177699.CP	3.950E-11	60	0
CP020618.1_522	GENOMAD.107981.CP	1.088E-45	177	0
CP020618.1_554	GENOMAD.051256.PP	3.364E-70	238	0
CP020618.1_618	GENOMAD.189122.VV	2.968E-26	102	0
CP020618.1_682	GENOMAD.197692.CP	8.544E-20	88	0
CP020618.1_714	GENOMAD.108470.CP	1.145E-18	94	2561
CP020618.1_1683	GENOMAD.179016.PC	3.330E-13	66	0
CP020618.1_1747	GENOMAD.000002.CC	1.261E-43	160	0
CP020618.1_1811	GENOMAD.087846.CV	1.449E-41	161	2561
CP020618.1_1843	GENOMAD.116274.CP	7.126E-53	192	0
CP020618.1_1971	GENOMAD.074473.CV	1.280E-206	653	2561
CP020618.1_2003	GENOMAD.215079.PV	1.637E-05	50	0
CP020618.1_2035	GENOMAD.066852.VV	6.565E-09	51	2561
CP020618.1_2067	GENOMAD.040793.VV	2.047E-18	81	2561
CP020618.1_2163	GENOMAD.118794.CP	8.182E-17	81	0
CP020618.1_52	GENOMAD.073407.CV	9.298E-14	66	0
CP020618.1_84	GENOMAD.077211.CP	1.482E-07	56	2561
CP020618.1_877	GENOMAD.034246.CC	1.228E-52	181	0
CP020618.1_909	GENOMAD.107063.CP	7.336E-27	121	0
CP020618.1_1005	GENOMAD.210558.PC	2.009E-80	266	0
CP020618.1_1101	GENOMAD.019968.CC	5.120E-22	92	0
CP020618.1_1133	GENOMAD.025671.CC	9.251E-32	119	0
CP020618.1_1970	GENOMAD.089784.CV	1.051E-21	97	0
CP020618.1_2034	GENOMAD.068090.VV	5.214E-25	98	2561
CP020618.1_2066	GENOMAD.097727.VV	1.872E-55	192	9913
CP020618.1_2098	GENOMAD.091090.CV	4.788E-12	72	0
CP020618.1_2130	GENOMAD.089563.CP	8.734E-35	142	0
CP020618.1_2162	GENOMAD.133966.CP	7.991E-11	66	0
CP020618.1_19	GENOMAD.087190.CP	1.521E-16	85	0
CP020618.1_1330	GENOMAD.153164.CP	7.797E-42	165	0
CP020618.1_1490	GENOMAD.000498.CC	2.751E-58	207	0
CP020618.1_1554	GENOMAD.000955.CC	7.449E-18	79	0
CP020618.1_1586	GENOMAD.126777.CP	4.137E-05	48	2561
CP020618.1_1618	GENOMAD.081842.CV	4.697E-32	124	0
CP020618.1_1018	GENOMAD.190902.CP	1.817E-08	57	0
CP020618.1_1082	GENOMAD.160905.CP	1.438E-04	43	0
CP020618.1_1114	GENOMAD.134276.CP	1.320E-23	97	0
CP020618.1_1210	GENOMAD.176903.PC	1.393E-83	275	0
CP020618.1_1914	GENOMAD.120831.CP	1.624E-69	246	0
CP020618.1_1978	GENOMAD.096117.CV	4.443E-38	150	0
CP020618.1_2042	GENOMAD.153198.VP	1.701E-15	73	2561
CP020618.1_2138	GENOMAD.146271.CV	1.862E-70	241	0
CP020618.1_2202	GENOMAD.119129.CP	2.505E-34	137	0
CP020618.1_679	GENOMAD.118390.CP	3.635E-13	72	0
CP020618.1_711	GENOMAD.068643.CV	1.195E-28	113	0
CP020618.1_743	GENOMAD.126842.VC	1.172E-06	51	7509
CP020618.1_775	GENOMAD.061903.CP	8.446E-30	121	2561
CP020618.1_807	GENOMAD.036810.CC	1.446E-05	49	0
CP020618.1_1063	GENOMAD.142391.CP	6.407E-52	188	0
CP020618.1_1095	GENOMAD.137975.CP	3.094E-09	60	0
CP020618.1_1127	GENOMAD.140728.CP	8.803E-08	54	0
CP020618.1_1286	GENOMAD.132667.CP	3.226E-12	68	2561
CP020618.1_1414	GENOMAD.136192.CP	3.019E-87	285	0
CP020618.1_1542	GENOMAD.091849.CP	1.380E-40	149	0
CP020618.1_1574	GENOMAD.047894.CC	1.057E-15	73	0
CP020618.1_966	GENOMAD.145461.CP	4.339E-09	61	0
CP020618.1_1094	GENOMAD.152146.CP	7.798E-34	128	0
CP020618.1_2158	GENOMAD.169783.CP	5.054E-13	66	0
CP020618.1_15	GENOMAD.079740.CV	8.344E-19	87	2561
CP020618.1_47	GENOMAD.145377.CP	1.195E-57	211	0
CP020618.1_143	GENOMAD.000844.CC	3.345E-86	284	0
CP020618.1_239	GENOMAD.130204.CP	5.125E-05	48	0
CP020618.1_1198	GENOMAD.032975.CC	4.858E-19	94	2561
CP020618.1_1422	GENOMAD.095273.CV	1.007E-41	161	0
CP020618.1_700	GENOMAD.151402.CP	1.045E-05	49	0
CP020618.1_732	GENOMAD.000141.CC	1.283E-23	100	0
CP020618.1_764	GENOMAD.090971.CP	1.636E-33	135	0
CP020618.1_892	GENOMAD.099769.CP	3.213E-04	46	0
CP020618.1_956	GENOMAD.141026.CP	1.865E-05	46	0
CP020618.1_1432	GENOMAD.013872.CC	4.424E-65	231	0
CP020618.1_1911	GENOMAD.084541.PP	5.953E-04	36	0
CP020618.1_2007	GENOMAD.056392.VV	1.477E-08	52	2561
CP020618.1_2039	GENOMAD.159689.VV	2.465E-19	81	2561
CP020618.1_2103	GENOMAD.000309.CC	1.142E-48	177	2561
CP020618.1_1527	GENOMAD.158020.CP	5.899E-07	50	0
CP020618.1_1559	GENOMAD.073714.CP	6.711E-13	63	0
CP020618.1_1623	GENOMAD.002235.CC	3.802E-31	117	0
CP020618.1_1687	GENOMAD.159551.CP	7.109E-14	69	0
CP020618.1_1751	GENOMAD.058867.CV	1.118E-22	93	0
CP020618.1_1783	GENOMAD.154161.CP	1.369E-04	43	0
CP020618.1_1560	GENOMAD.012032.CC	2.943E-80	264	0
CP020618.1_1720	GENOMAD.076388.CV	8.388E-27	107	2561
CP020618.1_1752	GENOMAD.060214.CV	1.891E-43	159	0
CP020618.1_1784	GENOMAD.169885.PP	1.629E-56	194	0
CP020618.1_1816	GENOMAD.095937.CP	2.314E-12	72	0
CP020618.1_1912	GENOMAD.115163.CP	1.073E-04	47	0
CP020618.1_1944	GENOMAD.141045.CP	6.057E-20	96	0
CP020618.1_2008	GENOMAD.121734.VV	6.416E-07	47	2561
CP020618.1_2072	GENOMAD.094485.CP	1.424E-14	73	0
CP020618.1_2136	GENOMAD.018377.CC	4.250E-07	49	0
CP020618.1_2168	GENOMAD.167905.VV	6.795E-04	46	2561
CP020618.1_2200	GENOMAD.118353.CP	2.214E-25	113	0
CP020618.1_153	GENOMAD.126338.CP	1.048E-80	270	0
CP020618.1_185	GENOMAD.117180.CP	1.946E-20	90	0
CP020618.1_313	GENOMAD.110049.CP	4.324E-43	166	0
CP020618.1_345	GENOMAD.167786.CP	6.407E-04	42	0
CP020618.1_633	GENOMAD.160948.CP	4.472E-10	59	0
CP020618.1_665	GENOMAD.133841.CP	1.053E-05	48	0
CP020618.1_761	GENOMAD.095800.CP	4.924E-34	142	2561
CP020618.1_793	GENOMAD.116387.CV	1.262E-34	137	2561
CP020618.1_825	GENOMAD.104169.CP	5.036E-68	233	2561
CP020618.1_985	GENOMAD.157895.CP	9.692E-05	48	2561
CP020618.1_1017	GENOMAD.193671.CP	2.034E-34	130	0
CP020618.1_1049	GENOMAD.062973.CC	1.161E-107	352	0
CP020618.1_1113	GENOMAD.109407.CP	1.824E-49	188	0
CP020618.1_1145	GENOMAD.147246.CP	2.262E-06	52	0
CP020618.1_1177	GENOMAD.120530.CP	4.796E-74	278	0
CP020618.1_1433	GENOMAD.028035.CC	1.240E-72	241	0
CP020618.1_1465	GENOMAD.136058.VC	1.012E-65	229	2561
CP020618.1_1497	GENOMAD.136403.CV	9.732E-64	223	2561
CP020618.1_1529	GENOMAD.129304.CP	1.141E-15	77	0
CP020618.1_1561	GENOMAD.113197.CV	2.853E-92	309	2561
CP020618.1_1593	GENOMAD.210398.CP	2.972E-48	173	0
CP020618.1_1625	GENOMAD.031610.CC	5.591E-43	155	0
CP020618.1_1721	GENOMAD.078681.CV	4.186E-41	149	2561
CP020618.1_1753	GENOMAD.057410.CP	5.083E-25	106	0
CP020618.1_1785	GENOMAD.141315.CP	5.086E-05	48	0
CP020618.1_1817	GENOMAD.161968.CP	3.886E-55	199	0
CP020618.1_1913	GENOMAD.120765.CP	8.836E-25	104	0
CP020618.1_2009	GENOMAD.145196.VV	3.625E-13	66	2561
CP020618.1_2041	GENOMAD.158507.VV	2.494E-43	153	2561
CP020618.1_2073	GENOMAD.105435.CP	1.027E-20	89	0
CP020618.1_2105	GENOMAD.002141.CC	2.747E-29	113	0
CP020618.1_2137	GENOMAD.084227.CP	1.909E-55	194	2561
CP020618.1_756	GENOMAD.108638.CP	1.333E-32	131	0
CP020618.1_852	GENOMAD.095857.CP	2.238E-15	83	0
CP020618.1_884	GENOMAD.016436.CC	1.660E-53	186	0
CP020618.1_948	GENOMAD.206713.CP	1.461E-26	109	0
CP020618.1_468	GENOMAD.206761.CP	1.921E-12	71	0
CP020618.1_500	GENOMAD.140421.CP	1.483E-20	97	0
CP020618.1_532	GENOMAD.178810.CP	4.451E-22	103	2561
CP020618.1_628	GENOMAD.182149.PC	6.755E-57	207	0
CP020618.1_724	GENOMAD.001378.CC	1.404E-45	166	0
CP020618.1_212	GENOMAD.126892.CP	6.376E-19	86	0
CP020618.1_1856	GENOMAD.072743.VV	6.691E-10	65	11831
CP020618.1_1888	GENOMAD.154468.CP	1.334E-155	500	0
CP020618.1_1952	GENOMAD.192043.PC	1.325E-15	77	0
CP020618.1_2016	GENOMAD.089814.VV	6.367E-20	83	2561
CP020618.1_2048	GENOMAD.133889.VP	1.151E-70	253	2561
CP020618.1_2112	GENOMAD.104575.CP	6.219E-05	47	2561
CP020618.1_1923	GENOMAD.124272.CV	1.563E-10	61	0
CP020618.1_1987	GENOMAD.100726.CV	4.467E-15	74	0
CP020618.1_2019	GENOMAD.120769.VP	2.263E-04	41	2561
CP020618.1_2051	GENOMAD.090965.VV	3.741E-95	318	2561
CP020618.1_2083	GENOMAD.097849.CV	3.747E-39	154	2561
CP020618.1_2147	GENOMAD.123902.CP	2.429E-42	167	2561
CP020618.1_2179	GENOMAD.000654.CC	6.605E-21	94	0
CP020618.1_68	GENOMAD.104630.CP	1.024E-56	207	2561
CP020618.1_132	GENOMAD.000070.CC	2.875E-10	57	0
CP020618.1_164	GENOMAD.190757.CP	5.420E-16	85	0
CP020618.1_356	GENOMAD.071960.CP	4.958E-24	106	0
CP020618.1_388	GENOMAD.134162.CP	6.806E-04	45	0
CP020618.1_580	GENOMAD.178940.CP	2.141E-34	132	0
CP020618.1_826	GENOMAD.095261.CP	3.753E-08	59	0
CP020618.1_965	GENOMAD.006163.CC	5.122E-06	49	0
CP020618.1_997	GENOMAD.166568.CP	7.406E-78	274	0
CP020618.1_1061	GENOMAD.085880.PP	3.481E-64	217	0
CP020618.1_1093	GENOMAD.015588.CC	3.526E-25	100	0
CP020618.1_1125	GENOMAD.105717.CP	1.603E-27	119	2561
CP020618.1_1157	GENOMAD.008433.CC	4.427E-111	356	0
CP020618.1_1293	GENOMAD.058649.CP	7.648E-15	79	0
CP020618.1_1709	GENOMAD.133794.CP	1.686E-53	194	0
CP020618.1_1741	GENOMAD.000004.CC	1.858E-74	247	0
CP020618.1_1933	GENOMAD.215806.PC	5.210E-17	83	0
CP020618.1_1965	GENOMAD.086813.PP	2.540E-17	76	0
CP020618.1_2029	GENOMAD.017713.VV	2.225E-14	70	2561
CP020618.1_2061	GENOMAD.101183.VP	5.116E-31	136	2561
CP020618.1_2093	GENOMAD.123908.CP	2.205E-04	45	0
CP020618.1_1481	GENOMAD.103120.CV	6.341E-19	87	2561
CP020618.1_1513	GENOMAD.154275.VC	5.227E-33	141	2561
CP020618.1_1545	GENOMAD.087567.CP	1.506E-07	54	0
CP020618.1_1641	GENOMAD.077846.VV	2.894E-35	129	2561
CP020618.1_1043	GENOMAD.126037.CP	1.283E-84	287	0
CP020618.1_1107	GENOMAD.130065.CP	1.432E-150	481	0
CP020618.1_1139	GENOMAD.041613.CC	5.259E-19	81	0
CP020618.1_1171	GENOMAD.116507.CP	1.306E-12	72	0
CP020618.1_1203	GENOMAD.035091.CC	7.680E-14	73	0
CP020618.1_1267	GENOMAD.145364.CP	5.388E-28	118	0
CP020618.1_1427	GENOMAD.116255.CP	6.331E-10	63	0
CP020618.1_1491	GENOMAD.126817.CP	7.280E-08	56	0
CP020618.1_1523	GENOMAD.193400.VV	1.145E-26	103	0
CP020618.1_1555	GENOMAD.130642.CV	4.572E-17	85	0
CP020618.1_1619	GENOMAD.114551.CV	1.070E-20	89	2561
CP020618.1_1651	GENOMAD.015902.VV	1.773E-14	72	2561
CP020618.1_499	GENOMAD.105856.CP	3.780E-08	50	0
CP020618.1_563	GENOMAD.133420.CP	5.700E-07	53	0
CP020618.1_627	GENOMAD.196017.PC	6.785E-42	158	0
CP020618.1_659	GENOMAD.148482.CP	1.597E-12	69	0
CP020618.1_147	GENOMAD.102005.CV	1.602E-09	58	0
CP020618.1_275	GENOMAD.104691.CP	1.602E-77	265	0
CP020618.1_339	GENOMAD.092093.VV	6.835E-04	46	5678
CP020618.1_371	GENOMAD.076433.VV	8.103E-14	76	2561
CP020618.1_1650	GENOMAD.026460.VV	8.566E-06	44	2561
CP020618.1_1682	GENOMAD.136559.CP	7.665E-44	162	0
CP020618.1_1746	GENOMAD.061469.CV	3.493E-59	201	0
CP020618.1_1778	GENOMAD.145475.CP	4.532E-16	81	0
CP020618.1_1842	GENOMAD.128896.CP	9.107E-06	49	0
CP020618.1_1066	GENOMAD.211764.CP	5.236E-07	53	0
CP020618.1_1098	GENOMAD.213128.PC	4.390E-26	102	0
CP020618.1_1130	GENOMAD.151847.CP	1.503E-124	433	2561
CP020618.1_1162	GENOMAD.147711.CP	5.151E-22	94	0
CP020618.1_1226	GENOMAD.147796.CP	8.918E-06	49	0
CP020618.1_1386	GENOMAD.114670.PP	3.467E-24	105	0
CP020618.1_1578	GENOMAD.032614.CC	2.905E-23	93	0
CP020618.1_1610	GENOMAD.103022.CV	1.131E-22	95	0
CP020618.1_1642	GENOMAD.225715.VP	5.349E-22	92	2561
CP020618.1_1738	GENOMAD.000001.CC	2.341E-54	189	0
CP020618.1_1770	GENOMAD.179805.CV	1.965E-12	68	0
CP020618.1_1802	GENOMAD.126472.VC	2.421E-27	117	2561
CP020618.1_1866	GENOMAD.100186.CP	4.280E-23	102	0
CP020618.1_1994	GENOMAD.016336.CC	1.106E-103	336	0
CP020618.1_2058	GENOMAD.076253.VV	2.746E-42	151	2561
CP020618.1_75	GENOMAD.195310.CV	6.225E-55	190	0
CP020618.1_27	GENOMAD.119476.CP	5.692E-28	115	0
CP020618.1_59	GENOMAD.079440.CP	3.747E-60	218	0
CP020618.1_155	GENOMAD.182050.VC	3.239E-13	74	2561
CP020618.1_187	GENOMAD.146465.CP	1.066E-43	155	0
CP020618.1_379	GENOMAD.166733.PC	8.701E-43	169	0
CP020618.1_411	GENOMAD.195584.PV	4.925E-59	204	0
CP020618.1_539	GENOMAD.154359.CP	8.652E-08	55	0
CP020618.1_571	GENOMAD.195776.CP	9.352E-05	44	0
CP020618.1_667	GENOMAD.211782.CP	1.350E-74	247	0
CP020618.1_699	GENOMAD.050661.CC	2.180E-45	167	0
CP020618.1_763	GENOMAD.002127.CC	1.095E-41	153	0
CP020618.1_827	GENOMAD.111020.CV	1.052E-10	65	0
CP020618.1_891	GENOMAD.007506.CC	6.621E-64	215	0
CP020618.1_1083	GENOMAD.001690.CC	8.365E-163	523	0
CP020618.1_1115	GENOMAD.133930.CP	1.507E-16	78	0
CP020618.1_1275	GENOMAD.160451.CP	1.644E-13	68	0
CP020618.1_1371	GENOMAD.158697.CP	6.078E-16	83	0
CP020618.1_1435	GENOMAD.140428.CP	8.028E-14	75	0
CP020618.1_1595	GENOMAD.016904.CC	1.410E-19	83	0
CP020618.1_1723	GENOMAD.120571.CP	4.220E-41	155	2561
CP020618.1_1851	GENOMAD.080910.CP	3.516E-106	354	2561
CP020618.1_1883	GENOMAD.146675.CP	5.356E-108	374	0
CP020618.1_1915	GENOMAD.152541.CP	4.452E-06	51	2561
CP020618.1_1700	GENOMAD.118794.CP	1.105E-18	85	0
CP020618.1_1732	GENOMAD.096687.CP	7.003E-10	61	0
CP020618.1_1764	GENOMAD.145445.CP	6.053E-10	64	0
CP020618.1_1860	GENOMAD.129213.CV	1.108E-04	47	2561
CP020618.1_1892	GENOMAD.085360.PP	7.301E-04	37	0
CP020618.1_1924	GENOMAD.034179.CC	3.682E-05	48	0
CP020618.1_1988	GENOMAD.068048.VV	7.392E-06	51	2561
CP020618.1_2052	GENOMAD.100727.VV	1.627E-06	47	2561
CP020618.1_2084	GENOMAD.134292.CP	9.401E-23	106	0
CP020618.1_101	GENOMAD.111768.CP	1.705E-09	60	0
CP020618.1_165	GENOMAD.000995.CC	6.278E-04	37	0
CP020618.1_197	GENOMAD.116686.CP	1.513E-45	174	0
CP020618.1_261	GENOMAD.171450.VC	5.312E-16	76	2561
CP020618.1_325	GENOMAD.168158.CP	1.216E-73	270	0
CP020618.1_357	GENOMAD.120716.CP	2.654E-100	331	0
CP020618.1_389	GENOMAD.130700.CP	1.142E-07	55	0
CP020618.1_517	GENOMAD.216475.VP	5.817E-24	95	2561
CP020618.1_581	GENOMAD.168733.CP	1.319E-38	146	0
CP020618.1_613	GENOMAD.222554.PV	1.708E-72	241	0
CP020618.1_1122	GENOMAD.123612.CP	3.004E-06	52	0
CP020618.1_1282	GENOMAD.007762.CC	2.770E-11	64	0
CP020618.1_1314	GENOMAD.226466.VP	3.870E-05	47	9913
CP020618.1_1570	GENOMAD.105978.CP	4.717E-25	109	0
CP020618.1_1602	GENOMAD.098663.CV	1.086E-20	92	0
CP020618.1_1730	GENOMAD.000435.CC	5.951E-12	59	0
CP020618.1_1826	GENOMAD.001082.CC	6.519E-33	131	0
CP020618.1_1858	GENOMAD.112900.CP	2.037E-53	189	0
CP020618.1_1922	GENOMAD.034878.CC	1.341E-21	96	0
CP020618.1_1954	GENOMAD.183050.PC	1.318E-51	189	0
CP020618.1_1986	GENOMAD.147850.CV	4.753E-12	72	0
CP020618.1_2018	GENOMAD.090281.VV	5.922E-18	79	2561
CP020618.1_2050	GENOMAD.085357.VV	6.711E-07	53	2561
CP020618.1_2082	GENOMAD.000639.CC	3.190E-13	66	0
CP020618.1_205	GENOMAD.115255.CP	1.040E-08	59	0
CP020618.1_301	GENOMAD.109393.CP	8.690E-68	234	0
CP020618.1_365	GENOMAD.151958.CP	7.129E-04	44	0
CP020618.1_429	GENOMAD.120617.CP	6.727E-11	66	0
CP020618.1_461	GENOMAD.160608.CP	6.134E-38	139	0
CP020618.1_493	GENOMAD.153285.CP	7.855E-35	140	0
CP020618.1_1804	GENOMAD.115175.CV	2.705E-38	154	0
CP020618.1_1836	GENOMAD.127127.CP	5.688E-35	140	0
CP020618.1_1868	GENOMAD.142882.CP	9.028E-07	53	0
CP020618.1_1900	GENOMAD.142513.PC	2.894E-27	121	0
CP020618.1_1964	GENOMAD.166531.PC	3.901E-96	331	0
CP020618.1_1996	GENOMAD.000225.CC	2.357E-18	84	0
CP020618.1_2028	GENOMAD.076394.VV	4.346E-27	105	2561
CP020618.1_2060	GENOMAD.089865.VV	4.421E-74	261	2561
CP020618.1_1617	GENOMAD.074157.CV	6.128E-04	43	0
CP020618.1_1713	GENOMAD.162482.CP	1.376E-10	59	0
CP020618.1_1745	GENOMAD.000228.CC	3.852E-09	53	0
CP020618.1_1777	GENOMAD.123420.CP	1.444E-56	211	0
CP020618.1_1841	GENOMAD.168364.CP	4.180E-06	51	0
CP020618.1_1873	GENOMAD.210502.PC	1.479E-23	100	0
CP020618.1_1905	GENOMAD.151688.CP	3.320E-121	386	0
CP020618.1_689	GENOMAD.190463.PC	7.380E-09	60	0
CP020618.1_721	GENOMAD.113319.CP	4.610E-40	150	0
CP020618.1_913	GENOMAD.154891.CP	6.822E-68	227	0
CP020618.1_280	GENOMAD.116686.CP	1.959E-39	156	0
CP020618.1_312	GENOMAD.116415.CP	2.093E-26	111	0
CP020618.1_472	GENOMAD.192850.CP	5.528E-13	68	0
CP020618.1_504	GENOMAD.161083.CP	1.657E-270	839	0
CP020618.1_600	GENOMAD.206829.PC	2.485E-11	65	0
CP020618.1_696	GENOMAD.152217.PC	5.148E-16	83	0
CP020618.1_760	GENOMAD.085885.CP	2.919E-27	108	0
CP020618.1_856	GENOMAD.151132.CP	6.690E-28	114	0
CP020618.1_2167	GENOMAD.117314.CP	8.761E-08	57	0
CP020618.1_2199	GENOMAD.132586.CP	1.512E-09	58	0
CP020618.1_24	GENOMAD.136381.CP	2.430E-05	46	0
CP020618.1_56	GENOMAD.119118.CV	4.501E-45	173	2561
CP020618.1_120	GENOMAD.132282.CP	3.913E-38	150	0
CP020618.1_152	GENOMAD.129519.CV	2.367E-23	96	0
CP020618.1_184	GENOMAD.105354.CP	2.254E-40	149	0
CP020618.1_1207	GENOMAD.151969.PC	2.699E-43	161	0
CP020618.1_1271	GENOMAD.151055.CP	7.127E-05	46	0
CP020618.1_1303	GENOMAD.081960.CV	4.738E-16	78	0
CP020618.1_1367	GENOMAD.142597.CP	2.715E-05	48	0
CP020618.1_1463	GENOMAD.210045.PC	3.336E-47	166	0
CP020618.1_1372	GENOMAD.178779.CP	1.206E-08	60	0
CP020618.1_1436	GENOMAD.132184.CP	3.395E-25	113	0
CP020618.1_1468	GENOMAD.141981.CP	2.142E-05	44	0
CP020618.1_1500	GENOMAD.105757.CP	1.046E-42	161	0
CP020618.1_1564	GENOMAD.026724.CC	1.072E-23	98	0
CP020618.1_1596	GENOMAD.117090.CP	2.318E-43	171	2561
CP020618.1_1788	GENOMAD.170648.CP	3.484E-21	89	0
CP020618.1_1820	GENOMAD.170014.CP	5.358E-16	78	0
CP020618.1_1916	GENOMAD.126256.CP	5.810E-04	45	0
CP020618.1_1980	GENOMAD.026404.VV	7.411E-41	167	2561
CP020618.1_2012	GENOMAD.181383.VV	2.006E-15	71	2561
CP020618.1_2044	GENOMAD.152879.VV	5.929E-21	87	2561
CP020618.1_2076	GENOMAD.043656.CC	5.776E-61	214	0
CP020618.1_2140	GENOMAD.121447.CV	4.417E-07	55	2561
CP020618.1_2204	GENOMAD.118707.CP	7.447E-19	85	0
CP020618.1_29	GENOMAD.116888.CP	1.819E-15	78	0
CP020618.1_93	GENOMAD.103290.CV	1.185E-17	90	2561
CP020618.1_221	GENOMAD.119364.CP	1.377E-09	55	0
CP020618.1_349	GENOMAD.014705.CC	7.796E-18	85	0
CP020618.1_509	GENOMAD.126222.CP	5.820E-04	43	0
CP020618.1_541	GENOMAD.151870.CP	3.687E-04	44	0
CP020618.1_1381	GENOMAD.167323.PC	2.234E-18	85	0
CP020618.1_1541	GENOMAD.071501.VV	4.218E-34	134	2561
CP020618.1_1705	GENOMAD.210007.PC	3.269E-59	203	0
CP020618.1_1737	GENOMAD.076560.CV	4.087E-38	139	0
CP020618.1_1833	GENOMAD.019823.CC	3.341E-24	96	0
CP020618.1_1993	GENOMAD.017719.CC	7.684E-97	313	0
CP020618.1_2025	GENOMAD.100182.VV	4.501E-07	53	2561
CP020618.1_2057	GENOMAD.097377.VV	7.591E-18	77	2561
CP020618.1_2089	GENOMAD.001299.CC	5.856E-05	48	0
CP020618.1_10	GENOMAD.179673.CV	2.178E-83	283	0
CP020618.1_42	GENOMAD.090436.VC	9.873E-10	65	2561
CP020618.1_106	GENOMAD.015456.CC	1.942E-45	159	0
CP020618.1_138	GENOMAD.121441.VC	1.291E-11	69	2561
CP020618.1_170	GENOMAD.169785.CP	5.786E-08	55	0
CP020618.1_266	GENOMAD.071631.VV	8.844E-07	53	2561
CP020618.1_298	GENOMAD.092184.CP	4.778E-08	54	0
CP020618.1_330	GENOMAD.138195.VC	1.010E-31	136	2561
CP020618.1_723	GENOMAD.000846.CC	2.178E-11	61	0
CP020618.1_755	GENOMAD.039384.CC	2.481E-21	96	0
CP020618.1_787	GENOMAD.050405.CC	4.266E-115	378	0
CP020618.1_819	GENOMAD.000811.CC	5.357E-48	168	0
CP020618.1_915	GENOMAD.138410.CP	5.264E-07	51	0
CP020618.1_1011	GENOMAD.176713.PC	2.183E-44	169	0
CP020618.1_1010	GENOMAD.083545.PP	3.089E-07	55	0
CP020618.1_1074	GENOMAD.207561.CP	4.013E-20	88	0
CP020618.1_1138	GENOMAD.046845.VV	2.192E-20	100	2561
CP020618.1_1202	GENOMAD.176823.CP	3.890E-11	62	0
CP020618.1_1020	GENOMAD.195286.CP	7.573E-08	56	0
CP020618.1_1116	GENOMAD.112737.CP	1.284E-29	130	0
CP020618.1_1308	GENOMAD.177258.CV	1.175E-04	43	0
CP020618.1_1287	GENOMAD.108595.CP	2.181E-26	116	2561
CP020618.1_1511	GENOMAD.000340.CC	1.564E-13	66	0
CP020618.1_1575	GENOMAD.021021.CC	7.383E-76	250	0
CP020618.1_1671	GENOMAD.169508.VP	7.758E-21	100	2561
CP020618.1_1703	GENOMAD.153154.CP	2.028E-20	91	0
CP020618.1_1735	GENOMAD.000148.CC	1.204E-08	51	0
CP020618.1_1799	GENOMAD.110184.CV	1.422E-21	96	2561
CP020618.1_1895	GENOMAD.065197.PP	6.263E-13	75	0
CP020618.1_391	GENOMAD.169171.CP	3.230E-29	121	0
CP020618.1_423	GENOMAD.147451.CP	6.543E-18	87	0
CP020618.1_519	GENOMAD.183110.VC	7.347E-06	49	2561
CP020618.1_583	GENOMAD.136246.CP	4.377E-06	51	0
CP020618.1_1606	GENOMAD.000430.CC	1.720E-52	192	0
CP020618.1_1702	GENOMAD.154576.PC	4.630E-85	299	0
CP020618.1_1734	GENOMAD.000024.CC	4.811E-40	146	0
CP020618.1_1830	GENOMAD.206485.VC	5.789E-59	212	0
CP020618.1_1838	GENOMAD.136566.CP	1.831E-05	49	0
CP020618.1_1934	GENOMAD.180415.CP	1.337E-29	126	0
CP020618.1_1966	GENOMAD.170992.PC	1.464E-77	256	0
CP020618.1_1998	GENOMAD.018629.PP	1.151E-05	46	0
CP020618.1_2030	GENOMAD.168886.VV	3.902E-19	81	2561
CP020618.1_2062	GENOMAD.070659.VV	1.191E-05	42	9913
CP020618.1_2094	GENOMAD.003787.CC	4.258E-08	51	0
CP020618.1_2125	GENOMAD.142094.CP	6.180E-05	47	0
CP020618.1_46	GENOMAD.166919.VC	9.352E-05	44	0
CP020618.1_78	GENOMAD.080397.CV	1.283E-22	93	2561
CP020618.1_142	GENOMAD.129863.VV	4.332E-04	38	0
CP020618.1_60	GENOMAD.141817.CP	3.596E-31	126	0
CP020618.1_124	GENOMAD.095354.CV	4.364E-11	64	0
CP020618.1_156	GENOMAD.013527.CC	3.410E-06	50	0
CP020618.1_188	GENOMAD.050274.CV	2.766E-21	91	2561
CP020618.1_220	GENOMAD.145562.CP	1.005E-73	245	0
