gene	start	end	length	strand	gc_content	genetic_code	rbs_motif	marker	evalue	bitscore	uscg	plasmid_hallmark	virus_hallmark	taxid	taxname	annotation_conjscan	annotation_accessions	annotation_description
CP020618.1|provirus_638575_650258_604	638575	639789	1215	-1	0.325	11	AGGAGG	GENOMAD.111131.VV	6.508e-11	67	0	0	0	2561	Caudoviricetes	NA	NA	NA
CP020618.1|provirus_638575_650258_605	639958	640518	561	-1	0.246	11	GGAG/GAGG	GENOMAD.208171.VV	1.745e-07	53	0	0	0	1	NA	NA	PF13744.9;K22299;TIGR02612;COG3620	mobile mystery protein A
CP020618.1|provirus_638575_650258_606	640671	640892	222	1	0.261	11	AGGAGG	NA	NA	NA	0	0	0	1	NA	NA	NA	NA
CP020618.1|provirus_638575_650258_607	640896	641168	273	1	0.319	11	AGGAGG	GENOMAD.111065.VV	1.362e-35	130	0	0	0	2561	Caudoviricetes	NA	PF18010.4;COG3311;TIGR02417	Predicted DNA-binding transcriptional regulator AlpA
CP020618.1|provirus_638575_650258_608	641185	641343	159	1	0.308	11	GGxGG	NA	NA	NA	0	0	0	1	NA	NA	NA	NA
CP020618.1|provirus_638575_650258_609	641333	641746	414	1	0.242	11	GGAGG	NA	NA	NA	0	0	0	1	NA	NA	NA	NA
CP020618.1|provirus_638575_650258_610	641750	642085	336	1	0.324	11	GGAGG	NA	NA	NA	0	0	0	1	NA	NA	NA	NA
CP020618.1|provirus_638575_650258_611	642179	643048	870	1	0.349	11	GGAGG	GENOMAD.024962.VV	3.068e-15	79	0	0	0	2561	Caudoviricetes	NA	PF08800.13;PF08708.14	VirE N-terminal domain; Primase C terminal 1 (PriCT-1)
CP020618.1|provirus_638575_650258_612	643062	644771	1710	1	0.294	11	AGGAG	NA	NA	NA	0	0	0	1	NA	NA	NA	NA
CP020618.1|provirus_638575_650258_613	645080	645601	522	1	0.257	11	GGAGG	GENOMAD.222554.PV	1.708e-72	241	0	0	0	1	NA	NA	NA	NA
CP020618.1|provirus_638575_650258_614	645603	646001	399	1	0.296	11	AGGA/GGAG/GAGG	NA	NA	NA	0	0	0	1	NA	NA	NA	NA
CP020618.1|provirus_638575_650258_615	646358	646690	333	1	0.291	11	GGAGG	NA	NA	NA	0	0	0	1	NA	NA	NA	NA
CP020618.1|provirus_638575_650258_616	646700	647452	753	1	0.297	11	GGA/GAG/AGG	GENOMAD.131437.VV	3.681e-101	328	0	0	0	2561	Caudoviricetes	NA	NA	NA
CP020618.1|provirus_638575_650258_617	647467	648057	591	1	0.267	11	GGAG/GAGG	NA	NA	NA	0	0	0	1	NA	NA	NA	NA
CP020618.1|provirus_638575_650258_618	648057	648269	213	1	0.305	11	GGAG/GAGG	GENOMAD.189122.VV	2.968e-26	102	0	0	0	1	NA	NA	PF16722.8	Pathogenicity island protein gp6 in Staphylococcus
CP020618.1|provirus_638575_650258_619	648324	648761	438	1	0.313	11	GGAG/GAGG	GENOMAD.131910.VV	1.088e-55	191	0	0	0	2561	Caudoviricetes	NA	COG5577	Spore coat protein CotF
CP020618.1|provirus_638575_650258_620	648758	649096	339	1	0.316	11	None	GENOMAD.156435.VV	2.094e-41	148	0	0	1	2561	Caudoviricetes	NA	PF11242.11;K01994;TIGR03879;COG1342	probable regulatory domain
CP020618.1|provirus_638575_650258_621	649098	649670	573	1	0.354	11	AGGAGG	GENOMAD.168355.VP	2.844e-30	120	0	0	1	2561	Caudoviricetes	NA	PF03592.19;COG3728;K07474	Phage terminase, small subunit
CP020618.1|provirus_638575_650258_622	649758	650258	501	1	0.331	11	AGGAG	NA	NA	NA	0	0	0	1	NA	NA	NA	NA
CP020618.1|provirus_1682501_1726551_1633	1682501	1683244	744	-1	0.340	11	None	NA	NA	NA	0	0	0	1	NA	NA	NA	NA
CP020618.1|provirus_1682501_1726551_1634	1683409	1683693	285	-1	0.316	11	AGGAGG	NA	NA	NA	0	0	0	1	NA	NA	NA	NA
CP020618.1|provirus_1682501_1726551_1635	1683945	1684223	279	1	0.358	11	GGAG/GAGG	NA	NA	NA	0	0	0	1	NA	NA	NA	NA
CP020618.1|provirus_1682501_1726551_1636	1684226	1684900	675	1	0.356	11	GGA/GAG/AGG	NA	NA	NA	0	0	0	1	NA	NA	NA	NA
CP020618.1|provirus_1682501_1726551_1637	1685072	1686151	1080	1	0.343	11	AGGAGG	NA	NA	NA	0	0	0	1	NA	NA	NA	NA
CP020618.1|provirus_1682501_1726551_1638	1686248	1687384	1137	-1	0.291	11	AGGA	NA	NA	NA	0	0	0	1	NA	NA	NA	NA
CP020618.1|provirus_1682501_1726551_1639	1687535	1688167	633	-1	0.267	11	AGGAG	NA	NA	NA	0	0	0	1	NA	NA	NA	NA
CP020618.1|provirus_1682501_1726551_1640	1688340	1688555	216	1	0.273	11	GGAGG	NA	NA	NA	0	0	0	1	NA	NA	NA	NA
CP020618.1|provirus_1682501_1726551_1641	1688558	1688827	270	1	0.363	11	AGGAGG	GENOMAD.077846.VV	2.894e-35	129	0	0	0	2561	Caudoviricetes	NA	PF20063.2;COG3311;TIGR01764	Predicted DNA-binding transcriptional regulator AlpA
CP020618.1|provirus_1682501_1726551_1642	1689161	1689487	327	1	0.315	11	AGGAGG	GENOMAD.225715.VP	5.349e-22	92	0	0	0	2561	Caudoviricetes	NA	PF07342.14	NA
CP020618.1|provirus_1682501_1726551_1643	1689513	1689737	225	1	0.329	11	AGGA	NA	NA	NA	0	0	0	1	NA	NA	NA	NA
CP020618.1|provirus_1682501_1726551_1644	1689773	1690585	813	1	0.308	11	AGGAGG	GENOMAD.011095.VV	3.694e-10	63	0	0	0	2561	Caudoviricetes	NA	PF14090.9	Helix-turn-helix domain
CP020618.1|provirus_1682501_1726551_1645	1690607	1691413	807	1	0.326	11	AGGAGG	NA	NA	NA	0	0	0	1	NA	NA	NA	NA
CP020618.1|provirus_1682501_1726551_1646	1691410	1692201	792	1	0.307	11	AGGAGG	NA	NA	NA	0	0	0	1	NA	NA	NA	NA
CP020618.1|provirus_1682501_1726551_1647	1692261	1693103	843	1	0.327	11	AGGAG/GGAGG	GENOMAD.131437.VV	7.098e-39	149	0	0	0	2561	Caudoviricetes	NA	NA	NA
CP020618.1|provirus_1682501_1726551_1648	1693093	1693326	234	1	0.308	11	GGAG/GAGG	NA	NA	NA	0	0	0	1	NA	NA	NA	NA
CP020618.1|provirus_1682501_1726551_1649	1693338	1693859	522	1	0.291	11	AGGAGG	NA	NA	NA	0	0	0	1	NA	NA	NA	NA
CP020618.1|provirus_1682501_1726551_1650	1693914	1694153	240	1	0.287	11	GGAG/GAGG	GENOMAD.026460.VV	8.566e-06	44	0	0	1	2561	Caudoviricetes	NA	PF03592.19;COG3728;K07474	Phage terminase, small subunit
CP020618.1|provirus_1682501_1726551_1651	1694179	1694607	429	1	0.345	11	AGGAGG	GENOMAD.015902.VV	1.773e-14	72	0	0	1	2561	Caudoviricetes	NA	PF03592.19;COG3728;K07474	Phage terminase, small subunit
CP020618.1|provirus_1682501_1726551_1652	1696558	1697937	1380	1	0.270	11	GGAGG	NA	NA	NA	0	0	0	1	NA	NA	NA	NA
CP020618.1|provirus_1682501_1726551_1653	1697930	1698502	573	1	0.220	11	GGAG/GAGG	NA	NA	NA	0	0	0	1	NA	NA	NA	NA
CP020618.1|provirus_1682501_1726551_1654	1699211	1700785	1575	-1	0.337	11	AGGAG	NA	NA	NA	0	0	0	1	NA	NA	NA	NA
CP020618.1|provirus_1682501_1726551_1655	1700970	1701185	216	1	0.296	11	AGxAGG/AGGxGG	NA	NA	NA	0	0	0	1	NA	NA	NA	NA
CP020618.1|provirus_1682501_1726551_1656	1702047	1703603	1557	1	0.345	11	GGAG/GAGG	NA	NA	NA	0	0	0	1	NA	NA	NA	NA
CP020618.1|provirus_1682501_1726551_1657	1703633	1705672	2040	1	0.321	11	AGxAGG/AGGxGG	NA	NA	NA	0	0	0	1	NA	NA	NA	NA
CP020618.1|provirus_1682501_1726551_1658	1705684	1706118	435	1	0.343	11	AGGAG	GENOMAD.123993.CP	0.0007273	41	0	0	0	1	NA	NA	PF00359.25;PF02591.18;K02806;TIGR01419;COG4668	PTS IIA-like nitrogen-regulatory protein PtsN
CP020618.1|provirus_1682501_1726551_1659	1706118	1707221	1104	1	0.307	11	AGGAGG	NA	NA	NA	0	0	0	1	NA	NA	NA	NA
CP020618.1|provirus_1682501_1726551_1660	1707960	1708505	546	1	0.315	11	GGA/GAG/AGG	NA	NA	NA	0	0	0	1	NA	NA	NA	NA
CP020618.1|provirus_1682501_1726551_1661	1708994	1710271	1278	1	0.261	11	GGA/GAG/AGG	NA	NA	NA	0	0	0	1	NA	NA	NA	NA
CP020618.1|provirus_1682501_1726551_1662	1710264	1713545	3282	1	0.275	11	GGA/GAG/AGG	NA	NA	NA	0	0	0	1	NA	NA	NA	NA
CP020618.1|provirus_1682501_1726551_1663	1714128	1714889	762	1	0.244	11	AGGAGG	NA	NA	NA	0	0	0	1	NA	NA	NA	NA
CP020618.1|provirus_1682501_1726551_1664	1714961	1715836	876	1	0.281	11	GGAG/GAGG	NA	NA	NA	0	0	0	1	NA	NA	NA	NA
CP020618.1|provirus_1682501_1726551_1665	1715870	1717273	1404	1	0.239	11	AGGAG	NA	NA	NA	0	0	0	1	NA	NA	NA	NA
CP020618.1|provirus_1682501_1726551_1666	1717430	1719223	1794	-1	0.241	11	AGxAGG/AGGxGG	NA	NA	NA	0	0	0	1	NA	NA	NA	NA
CP020618.1|provirus_1682501_1726551_1667	1719339	1719554	216	-1	0.273	11	AGGAGG	NA	NA	NA	0	0	0	1	NA	NA	NA	NA
CP020618.1|provirus_1682501_1726551_1668	1719569	1720072	504	-1	0.361	11	AGGA/GGAG/GAGG	NA	NA	NA	0	0	0	1	NA	NA	NA	NA
CP020618.1|provirus_1682501_1726551_1669	1720088	1720399	312	-1	0.337	11	GGAG/GAGG	NA	NA	NA	0	0	0	1	NA	NA	NA	NA
CP020618.1|provirus_1682501_1726551_1670	1720486	1720836	351	-1	0.356	11	AGGAGG	NA	NA	NA	0	0	0	1	NA	NA	NA	NA
CP020618.1|provirus_1682501_1726551_1671	1721302	1722927	1626	-1	0.341	11	AGGA	GENOMAD.169508.VP	7.758e-21	100	0	0	1	2561	Caudoviricetes	NA	PF04708.15;PF13262.9;COG1961;K14060	Site-specific DNA recombinase related to the DNA invertase Pin
CP020618.1|provirus_1682501_1726551_1672	1722949	1724298	1350	-1	0.346	11	AGGAGG	NA	NA	NA	0	0	0	1	NA	NA	NA	NA
CP020618.1|provirus_1682501_1726551_1673	1724486	1726255	1770	-1	0.343	11	AGGAGG	NA	NA	NA	0	0	0	1	NA	NA	NA	NA
CP020618.1|provirus_1682501_1726551_1674	1726255	1726551	297	-1	0.347	11	AGGAGG	NA	NA	NA	0	0	0	1	NA	NA	NA	NA
CP020618.1|provirus_2057602_2101613_2003	2057602	2059086	1485	1	0.349	11	AGGAG	GENOMAD.215079.PV	1.637e-05	50	0	0	0	1	NA	NA	PF04650.20;K13733;TIGR03657	heme uptake protein IsdB
CP020618.1|provirus_2057602_2101613_2004	2059142	2060194	1053	-1	0.294	11	AGGAGG	NA	NA	NA	0	0	0	1	NA	NA	NA	NA
CP020618.1|provirus_2057602_2101613_2005	2060250	2060750	501	-1	0.281	11	AGGAG	GENOMAD.100110.VV	1.031e-40	149	0	0	0	2561	Caudoviricetes	NA	NA	NA
CP020618.1|provirus_2057602_2101613_2006	2060804	2061478	675	-1	0.304	11	AGGAG	NA	NA	NA	0	0	0	1	NA	NA	NA	NA
CP020618.1|provirus_2057602_2101613_2007	2061681	2061926	246	1	0.321	11	GGAG/GAGG	GENOMAD.056392.VV	1.477e-08	52	0	0	0	2561	Caudoviricetes	NA	PF08535.13;COG3655;TIGR02612;K00204	DNA-binding transcriptional regulator, XRE family
CP020618.1|provirus_2057602_2101613_2008	2061940	2062167	228	1	0.281	11	AGGAGG	GENOMAD.121734.VV	6.416e-07	47	0	0	0	2561	Caudoviricetes	NA	NA	NA
CP020618.1|provirus_2057602_2101613_2009	2062178	2062468	291	-1	0.296	11	AGGAGG	GENOMAD.145196.VV	3.625e-13	66	0	0	0	2561	Caudoviricetes	NA	NA	NA
CP020618.1|provirus_2057602_2101613_2010	2062518	2063297	780	1	0.331	11	AGGAG	NA	NA	NA	0	0	0	1	NA	NA	NA	NA
CP020618.1|provirus_2057602_2101613_2011	2063309	2063479	171	1	0.316	11	AGGAGG	GENOMAD.088190.VV	0.0001746	39	0	0	0	2561	Caudoviricetes	NA	NA	NA
CP020618.1|provirus_2057602_2101613_2012	2063401	2063613	213	-1	0.338	11	GGAGG	GENOMAD.181383.VV	2.006e-15	71	0	0	0	2561	Caudoviricetes	NA	NA	NA
CP020618.1|provirus_2057602_2101613_2013	2063845	2064066	222	-1	0.252	11	AGGAGG	NA	NA	NA	0	0	0	1	NA	NA	NA	NA
CP020618.1|provirus_2057602_2101613_2014	2064247	2064570	324	-1	0.315	11	GGxGG	NA	NA	NA	0	0	0	1	NA	NA	NA	NA
CP020618.1|provirus_2057602_2101613_2015	2064634	2064957	324	1	0.321	11	AGGA	GENOMAD.159803.VP	2.318e-14	70	0	0	0	2561	Caudoviricetes	NA	PF05595.14;COG4707	Prophage pi2 protein 07
CP020618.1|provirus_2057602_2101613_2016	2064970	2065140	171	1	0.368	11	AGGAGG	GENOMAD.089814.VV	6.367e-20	83	0	0	0	2561	Caudoviricetes	NA	PF06900.14	NA
CP020618.1|provirus_2057602_2101613_2017	2065223	2065474	252	1	0.306	11	AGGAGG	GENOMAD.121123.VV	2.783e-25	100	0	0	0	2561	Caudoviricetes	NA	NA	NA
CP020618.1|provirus_2057602_2101613_2018	2065452	2065703	252	1	0.357	11	GGAG/GAGG	GENOMAD.090281.VV	5.922e-18	79	0	0	0	2561	Caudoviricetes	NA	PF10656.12	Hypothetical protein of unknown function (DUF2483)
CP020618.1|provirus_2057602_2101613_2019	2065696	2066004	309	1	0.343	11	AGGAGG	GENOMAD.120769.VP	0.0002263	41	0	0	0	2561	Caudoviricetes	NA	PF04404.15	ERF superfamily
CP020618.1|provirus_2057602_2101613_2020	2066149	2066355	207	1	0.329	11	None	NA	NA	NA	0	0	0	1	NA	NA	NA	NA
CP020618.1|provirus_2057602_2101613_2021	2066355	2066774	420	1	0.340	11	GGAGG	NA	NA	NA	0	0	0	1	NA	NA	NA	NA
CP020618.1|provirus_2057602_2101613_2022	2066786	2067463	678	1	0.358	11	AGGA	GENOMAD.050576.VV	6.347e-56	196	0	0	0	2561	Caudoviricetes	NA	PF16784.8	Putative HNHc nuclease
CP020618.1|provirus_2057602_2101613_2023	2067454	2067783	330	1	0.276	11	AGGAG	GENOMAD.217086.VV	2.047e-24	99	0	0	0	2561	Caudoviricetes	NA	NA	NA
CP020618.1|provirus_2057602_2101613_2024	2067638	2068045	408	-1	0.289	11	AGGAGG	NA	NA	NA	0	0	0	1	NA	NA	NA	NA
CP020618.1|provirus_2057602_2101613_2025	2068094	2068831	738	1	0.335	11	AGGAG	GENOMAD.100182.VV	4.501e-07	53	0	0	0	2561	Caudoviricetes	NA	PF13730.9;COG5529	Pyocin large subunit
CP020618.1|provirus_2057602_2101613_2026	2068844	2069509	666	1	0.330	11	AGGAG	NA	NA	NA	0	0	0	1	NA	NA	NA	NA
CP020618.1|provirus_2057602_2101613_2027	2069670	2069789	120	1	0.400	11	GGA/GAG/AGG	GENOMAD.071847.VV	1.319e-12	61	0	0	0	2561	Caudoviricetes	NA	NA	NA
CP020618.1|provirus_2057602_2101613_2028	2069779	2070021	243	1	0.387	11	AGGA/GGAG/GAGG	GENOMAD.076394.VV	4.346e-27	105	0	0	0	2561	Caudoviricetes	NA	PF11673.11	Phage Conserved Open Reading Frame 51
CP020618.1|provirus_2057602_2101613_2029	2070032	2070352	321	1	0.393	11	AGGAG	GENOMAD.017713.VV	2.225e-14	70	0	0	0	2561	Caudoviricetes	NA	PF03838.17	Recombination protein U
CP020618.1|provirus_2057602_2101613_2030	2070345	2070527	183	1	0.322	11	AGGAG	GENOMAD.168886.VV	3.902e-19	81	0	0	0	2561	Caudoviricetes	NA	NA	NA
CP020618.1|provirus_2057602_2101613_2031	2070532	2070735	204	1	0.373	11	GGA/GAG/AGG	NA	NA	NA	0	0	0	1	NA	NA	NA	NA
CP020618.1|provirus_2057602_2101613_2032	2070732	2071178	447	1	0.329	11	GGA/GAG/AGG	GENOMAD.003019.VV	1.099e-48	171	0	0	1	2561	Caudoviricetes	NA	PF11753.11	Protein of unknwon function (DUF3310)
CP020618.1|provirus_2057602_2101613_2033	2071181	2071861	681	1	0.382	11	GGAGG	GENOMAD.076174.VV	8.748e-71	239	0	0	0	2561	Caudoviricetes	NA	PF07453.16	NUMOD1 domain
CP020618.1|provirus_2057602_2101613_2034	2071858	2072049	192	1	0.396	11	AGGAG	GENOMAD.068090.VV	5.214e-25	98	0	0	0	2561	Caudoviricetes	NA	NA	NA
CP020618.1|provirus_2057602_2101613_2035	2072042	2072185	144	1	0.368	11	GGAG/GAGG	GENOMAD.066852.VV	6.565e-09	51	0	0	0	2561	Caudoviricetes	NA	PF09297.14;COG1996;TIGR01206	NA
CP020618.1|provirus_2057602_2101613_2036	2072267	2072548	282	1	0.418	11	GGA/GAG/AGG	NA	NA	NA	0	0	0	1	NA	NA	NA	NA
CP020618.1|provirus_2057602_2101613_2037	2072552	2072863	312	1	0.356	11	GGAG/GAGG	GENOMAD.128797.VP	2.666e-11	61	0	0	0	2561	Caudoviricetes	NA	NA	NA
CP020618.1|provirus_2057602_2101613_2038	2072853	2073107	255	1	0.341	11	AGGAGG	GENOMAD.080917.VV	7.718e-16	73	0	0	0	2561	Caudoviricetes	NA	NA	NA
CP020618.1|provirus_2057602_2101613_2039	2073064	2073219	156	1	0.276	11	GGAG/GAGG	GENOMAD.159689.VV	2.465e-19	81	0	0	0	2561	Caudoviricetes	NA	NA	NA
CP020618.1|provirus_2057602_2101613_2040	2073220	2073642	423	1	0.392	11	AGGAGG	NA	NA	NA	0	0	0	1	NA	NA	NA	NA
CP020618.1|provirus_2057602_2101613_2041	2073698	2074009	312	1	0.311	11	AGGAG	GENOMAD.158507.VV	2.494e-43	153	0	0	0	2561	Caudoviricetes	NA	NA	NA
CP020618.1|provirus_2057602_2101613_2042	2074006	2074314	309	1	0.304	11	GGAG/GAGG	GENOMAD.153198.VP	1.701e-15	73	0	0	0	2561	Caudoviricetes	NA	PF14083.9;K18948;COG0358;TIGR01391	PGDYG protein
CP020618.1|provirus_2057602_2101613_2043	2074320	2074502	183	1	0.344	11	AGGAG	GENOMAD.049840.VV	2.453e-16	73	0	0	0	2561	Caudoviricetes	NA	PF06116.15	Transcriptional activator RinB
CP020618.1|provirus_2057602_2101613_2044	2074704	2074925	222	1	0.270	11	GGAGG	GENOMAD.152879.VV	5.929e-21	87	0	0	0	2561	Caudoviricetes	NA	NA	NA
CP020618.1|provirus_2057602_2101613_2045	2074943	2075341	399	1	0.321	11	GGAGG	GENOMAD.066605.VV	4.907e-58	197	0	0	0	2561	Caudoviricetes	NA	TIGR01637;COG4584	phage transcriptional regulator, ArpU family
CP020618.1|provirus_2057602_2101613_2046	2075461	2075805	345	1	0.316	11	AGxAGG/AGGxGG	GENOMAD.114711.VP	8.266e-12	63	0	0	0	2561	Caudoviricetes	NA	NA	NA
CP020618.1|provirus_2057602_2101613_2047	2076018	2076377	360	1	0.303	11	AGxAGG/AGGxGG	GENOMAD.061571.VV	1.845e-13	68	0	0	1	2561	Caudoviricetes	NA	COG3747;TIGR01558;K21510	Phage terminase, small subunit
CP020618.1|provirus_2057602_2101613_2048	2076374	2078035	1662	1	0.336	11	AGGA/GGAG/GAGG	GENOMAD.133889.VP	1.151e-70	253	0	0	1	2561	Caudoviricetes	NA	COG4626	Phage terminase-like protein, large subunit, contains N-terminal HTH domain
CP020618.1|provirus_2057602_2101613_2049	2078055	2079200	1146	1	0.325	11	AGGAGG	GENOMAD.078785.VV	1.88e-118	385	0	0	1	2561	Caudoviricetes	NA	PF04860.15;TIGR01537;COG4695	phage portal protein, HK97 family
CP020618.1|provirus_2057602_2101613_2050	2079193	2080044	852	1	0.343	11	AGxAGG/AGGxGG	GENOMAD.085357.VV	6.711e-07	53	0	0	0	2561	Caudoviricetes	NA	PF00574.26;COG0616;TIGR00706	Periplasmic serine protease, ClpP class
CP020618.1|provirus_2057602_2101613_2051	2080106	2081284	1179	1	0.350	11	AGGAGG	GENOMAD.090965.VV	3.741e-95	318	0	0	1	2561	Caudoviricetes	NA	PF05065.16;TIGR01554;COG4653	phage major capsid protein, HK97 family
CP020618.1|provirus_2057602_2101613_2052	2081302	2081598	297	1	0.303	11	AGxAG	GENOMAD.100727.VV	1.627e-06	47	0	0	1	2561	Caudoviricetes	NA	PF05135.16;TIGR01560	Phage gp6-like head-tail connector protein
CP020618.1|provirus_2057602_2101613_2053	2081588	2081959	372	1	0.325	11	GGA/GAG/AGG	GENOMAD.046186.VV	9.351e-31	118	0	0	1	2561	Caudoviricetes	NA	PF05521.14;COG5614;TIGR01563	Bacteriophage head-tail adaptor
CP020618.1|provirus_2057602_2101613_2054	2081949	2082371	423	1	0.376	11	GGxGG	GENOMAD.050629.VV	4.46e-21	91	0	0	1	2561	Caudoviricetes	NA	COG5005;TIGR01725	NA
CP020618.1|provirus_2057602_2101613_2055	2082368	2082775	408	1	0.319	11	GGAG/GAGG	GENOMAD.074487.VV	1.033e-59	202	0	0	0	2561	Caudoviricetes	NA	PF05657.14	NA
CP020618.1|provirus_2057602_2101613_2056	2082776	2083390	615	1	0.353	11	AGGAGG	GENOMAD.105995.VV	1.133e-13	72	0	0	1	2561	Caudoviricetes	NA	PF06488.14;TIGR01603	phage major tail protein, phi13 family
CP020618.1|provirus_2057602_2101613_2057	2083404	2083571	168	1	0.315	11	AGGAG	GENOMAD.097377.VV	7.591e-18	77	0	0	0	2561	Caudoviricetes	NA	NA	NA
CP020618.1|provirus_2057602_2101613_2058	2083635	2083997	363	1	0.309	11	AGGAG	GENOMAD.076253.VV	2.746e-42	151	0	0	0	2561	Caudoviricetes	NA	NA	NA
CP020618.1|provirus_2057602_2101613_2059	2084262	2090834	6573	1	0.348	11	AGGAGG	GENOMAD.207179.VP	4.67e-53	210	0	0	1	2561	Caudoviricetes	NA	PF05521.14;COG5283;TIGR01563	Phage-related tail protein
CP020618.1|provirus_2057602_2101613_2060	2090835	2092325	1491	1	0.329	11	GGAGG	GENOMAD.089865.VV	4.421e-74	261	0	0	1	2561	Caudoviricetes	NA	PF05709.14;COG4722;TIGR01633	Phage tail protein
CP020618.1|provirus_2057602_2101613_2061	2092341	2096276	3936	1	0.321	11	GGAGG	GENOMAD.101183.VP	5.116e-31	136	0	0	0	2561	Caudoviricetes	NA	COG4926	Phage-related protein
CP020618.1|provirus_2057602_2101613_2062	2096254	2096409	156	1	0.321	11	GGAGG	GENOMAD.070659.VV	1.191e-05	42	0	0	0	9913	Herelleviridae	NA	NA	NA
CP020618.1|provirus_2057602_2101613_2063	2096452	2096751	300	1	0.307	11	AGGAGG	GENOMAD.095432.VV	0.0004539	40	0	0	0	2561	Caudoviricetes	NA	NA	NA
CP020618.1|provirus_2057602_2101613_2064	2096762	2097058	297	1	0.316	11	GGAG/GAGG	GENOMAD.068691.VV	1.625e-37	136	0	0	0	2561	Caudoviricetes	NA	PF11166.11	NA
CP020618.1|provirus_2057602_2101613_2065	2097185	2097691	507	1	0.363	11	GGAG/GAGG	GENOMAD.055020.VV	1.192e-48	172	0	0	0	2561	Caudoviricetes	NA	NA	NA
CP020618.1|provirus_2057602_2101613_2066	2097691	2098218	528	1	0.294	11	AGGAG	GENOMAD.097727.VV	1.872e-55	192	0	0	0	9913	Herelleviridae	NA	NA	NA
CP020618.1|provirus_2057602_2101613_2067	2098274	2098561	288	1	0.378	11	AGGAG	GENOMAD.040793.VV	2.047e-18	81	0	0	1	2561	Caudoviricetes	NA	PF04531.16;COG5546;TIGR01598	Bacteriophage holin
CP020618.1|provirus_2057602_2101613_2068	2098574	2100310	1737	1	0.362	11	AGGAG	GENOMAD.220135.VV	1.184e-231	723	0	0	0	2561	Caudoviricetes	NA	COG5632	N-acetylmuramoyl-L-alanine amidase CwlA
CP020618.1|provirus_2057602_2101613_2069	2100832	2101254	423	1	0.262	11	GGAG/GAGG	GENOMAD.101051.VV	6.875e-16	76	0	0	0	2561	Caudoviricetes	NA	NA	NA
CP020618.1|provirus_2057602_2101613_2070	2101257	2101613	357	1	0.291	11	GGA/GAG/AGG	GENOMAD.176283.VV	8.769e-13	66	0	0	0	1	NA	NA	PF11166.11	NA
